"date","Na","Mg","Al","Si_2","P","S","K","Mn","Fe","Pb","SSC","campaign.y","Q_m3_s","V_m_s","Grain_Size"
2020-09-23 11:25:00,38.42428992,14.30580044,0.004068961105,1.301192984,0.04723437348,19.64963516,5.191471706,0.002477200929,0.005798549212,0.0001388429,7.36287898654507,"BR-LW",840,1.0184286,0.01118378
2020-09-23 11:25:15,30.6274592,11.49858939,0.004778734695,1.16510277,0.03686844574,15.34501646,4.195303398,0.00198545618,0.004869450025,0.000194694492,6.06434069857291,"BR-LW",840,1.0184286,0.01118378
2020-09-23 11:25:30,43.73201291,16.0099566,0.004682653085,1.409239266,0.05305688234,22.74706369,5.770466391,0.002761934159,0.006031624294,0.000139830248,6.3098832186229,"BR-LW",840,1.0184286,0.01118378
2020-09-23 11:25:45,59.82050313,22.5057624,0.00775587232,2.011500964,0.0715088854,29.54295571,7.741642464,0.003761674657,0.009308547309,0.000918677492,6.4714130232285,"BR-LW",840,1.0184286,0.01118378
2020-09-23 11:26:00,57.1812412,20.77262818,0.0072002278,1.660247871,0.06598553298,28.34379984,7.476224915,0.003509544132,0.009210610521,0.000444009624,5.74455241173838,"BR-LW",840,1.0184286,0.01118378
2020-09-23 11:26:15,51.84485689,18.80623835,0.005905919768,1.372572876,0.0584164076,25.23121713,6.947768262,0.003075278507,0.007728961939,7.7076517e-05,6.62496833654837,"BR-LW",840,1.0184286,0.01118378
2020-09-23 11:26:30,59.98123305,21.68897227,0.006406083179,1.437864997,0.06658915275,28.81901135,8.047454695,0.003756361878,0.008809961592,0.000114723786,6.24891845642101,"BR-LW",840,1.0184286,0.01118378
2020-09-23 11:26:45,86.25519697,32.03203955,0.008875330418,2.516768981,0.09465819782,42.01286341,11.52896545,0.005398946871,0.01255255315,0.000111118857,6.52652496639325,"BR-LW",840,1.0184286,0.01118378
2020-09-23 11:27:00,54.76622973,19.91368206,0.005576098196,1.622193534,0.06091767338,26.17933186,7.243098776,0.003294105565,0.007324421768,5.237024e-05,6.44618834080719,"BR-LW",840,1.0184286,0.01118378
2020-09-23 11:27:15,63.57982073,23.5680853,0.008151636625,1.981390099,0.07053491349,29.72907727,8.64954142,0.003869358067,0.009752148415,7.5942817e-05,6.4842432888082,"BR-LW",840,1.0184286,0.01118378
2020-09-23 11:27:30,66.76666786,24.58464155,0.007313133369,1.933303077,0.07458382514,31.95283284,8.918423609,0.004062653262,0.009751343618,9.5781172e-05,6.56998483106441,"BR-LW",840,1.0184286,0.01118378
2020-09-23 11:27:45,52.32656937,19.1067664,0.005581831086,1.777704103,0.05668875062,24.94101361,7.111795569,0.003118653345,0.007613035165,0.000190533376,6.74559336781083,"BR-LW",840,1.0184286,0.01118378
2020-09-23 11:28:00,44.66711109,16.74960998,0.005707275037,1.701948746,0.04708349126,20.43016496,6.455239623,0.002727687994,0.01040847757,8.0791985e-05,7.01433066723819,"BR-LW",840,1.0184286,0.01118378
2020-09-23 11:28:15,37.96190422,13.85062576,0.00422111676,1.050312353,0.04136834205,18.420724,5.343247731,0.002222899131,0.005623871103,0.000108910511,6.63372904682223,"BR-LW",840,1.0184286,0.01118378
2020-09-23 11:28:30,43.33295821,15.67162462,0.005119962996,1.468971527,0.04678272235,20.65715378,5.979679861,0.002560459286,0.006434465766,0.00043676389,6.76511520024742,"BR-LW",840,1.0184286,0.01118378
2020-09-23 11:29:00,35.31205401,12.76179917,0.004248197541,1.1407478,0.03988626723,17.63709902,4.763393233,0.002116287114,0.005913294894,5.0414853e-05,6.97890818858559,"BR-LW",840,1.0184286,0.01118378
2020-09-23 11:29:15,46.91036476,16.87041302,0.005558956429,1.44818591,0.05184321073,23.07007318,6.2220789,0.002782851608,0.006995946066,4.9874148e-05,6.85480367263002,"BR-LW",840,1.0184286,0.01118378
2020-09-23 11:29:30,40.66473694,14.6696353,0.004682687979,1.34555715,0.04479267014,20.06202954,5.536018251,0.002435298312,0.005755574301,0.000291718994,6.02936886122725,"BR-LW",840,1.0184286,0.01118378
2020-09-23 11:29:45,43.64777026,16.113906,0.004966161933,1.571329019,0.04725987364,20.77608647,6.194244961,0.002602903614,0.006138448008,5.285532e-05,7.22839783538785,"BR-LW",840,1.0184286,0.01118378
2020-09-23 11:30:00,41.11928504,15.02987678,0.005001914253,1.23603545,0.04465420984,19.95929342,5.655365243,0.002504880294,0.00641456917,0.002298042307,6.06796116504855,"BR-LW",840,1.0184286,0.01118378
2020-09-23 11:30:15,39.47383469,14.73803339,0.004920657686,1.375850182,0.04491093543,19.9512355,5.555935517,0.002634408577,0.006832898047,9.7963698e-05,6.56726832421784,"BR-LW",840,1.0184286,0.01118378
2020-09-23 11:30:30,40.62749812,15.05987913,0.00433218178,1.414746876,0.04668099811,20.8157333,5.671611686,0.002535176513,0.005527667628,0.000112463541,6.09640312215792,"BR-LW",840,1.0184286,0.01118378
2020-09-23 11:30:45,40.51395358,14.88187289,0.004185052,1.079011244,0.04572617022,20.82578711,5.504537671,0.002487284204,0.005553800288,0.000104442483,5.48366924816007,"BR-LW",840,1.0184286,0.01118378
2020-09-23 11:31:00,44.58610214,16.58010914,0.00538988448,1.437507736,0.05116996179,22.62013712,6.094029067,0.002966303831,0.007961084745,0.000939141621,6.48257546449743,"BR-LW",840,1.0184286,0.01118378
2020-09-23 11:31:15,41.01281078,15.19839408,0.004826955609,1.234984063,0.04738606756,21.35176181,5.681356453,0.002562752038,0.006029602648,5.8121883e-05,6.32572624203202,"BR-LW",840,1.0184286,0.01118378
2020-09-23 11:31:30,44.03747101,16.27409718,0.004995434085,1.162581774,0.04854450256,21.63561281,6.039711975,0.002781129875,0.00630706552,0.000312038889,6.75832433904595,"BR-LW",840,1.0184286,0.01118378
2020-09-23 11:31:45,41.32570111,15.04447382,0.005102884845,0.9457352119,0.04727304016,21.38570282,5.531275986,0.002578556099,0.006132270433,0.000122568476,7.15069351931664,"BR-LW",840,1.0184286,0.01118378
2020-09-23 11:32:00,39.47249874,14.51195435,0.005735534444,1.07578988,0.04543938125,20.03350242,5.449080575,0.002551750103,0.007163255798,0.001558436157,5.44436943313226,"BR-LW",840,1.0184286,0.01118378
2020-09-23 11:32:15,40.45699291,14.97153112,0.005741222777,1.417475492,0.04601127581,20.25192091,5.609146824,0.002674815081,0.007386504358,0.000329112159,6.27487891444591,"BR-LW",840,1.0184286,0.01118378
2020-09-23 11:32:30,37.80262672,13.9141198,0.005363332753,1.163935579,0.0435028572,19.20738249,5.244280075,0.002431499858,0.006728194908,0.00052851055,6.3353715311441,"BR-LW",840,1.0184286,0.01118378
2020-09-23 11:32:45,38.24258326,14.10283977,0.01381649137,0.8886332255,0.04363786172,19.15275719,5.239459208,0.002591851253,0.008422690346,0.001046071443,5.84328314602365,"BR-LW",840,1.0184286,0.01118378
2020-09-23 11:33:00,39.79128439,14.24561737,0.005691261972,0.7568480754,0.04614894495,20.8336561,5.249577528,0.002557203885,0.00700999169,0.000773239325,4.49113489026009,"BR-LW",840,1.0184286,0.01118378
2020-09-23 11:33:15,41.20054064,14.89168452,0.005090847869,0.9130903538,0.04660365668,21.07725638,5.532258784,0.002572509133,0.005818324147,4.7307017e-05,6.22725592075818,"BR-LW",840,1.0184286,0.01118378
2020-09-23 11:33:30,38.67654628,14.58452965,0.004297387447,1.359215166,0.04220153061,18.48401408,5.691145724,0.002538219535,0.0060651997,0.000177898351,6.01546834717848,"BR-LW",840,1.0184286,0.01118378
2020-09-23 11:33:45,40.57202641,15.07214831,0.004778389508,1.269863652,0.04586367289,20.47185442,5.773178972,0.002650255627,0.006270848049,0.000103714325,5.90446574425791,"BR-LW",840,1.0184286,0.01118378
2020-09-23 11:34:00,39.0735411,14.17072748,0.004164768391,0.8890927881,0.04518416058,20.620509,5.284581762,0.0025343279,0.005134028831,6.4530632e-05,5.02827217183411,"BR-LW",840,1.0184286,0.01118378
2020-09-23 11:34:15,38.70082864,14.04110921,0.004792731397,0.8450534772,0.04498478103,20.31734765,5.192307211,0.002506382522,0.005521772331,0.000178249576,4.77668975400045,"BR-LW",840,1.0184286,0.01118378
2020-09-23 11:34:30,37.96877239,14.22836713,0.004925000166,0.9175071189,0.04267717152,19.11107811,5.324136342,0.002543668892,0.005799580084,0.000499829302,4.36976125213518,"BR-LW",840,1.0184286,0.01118378
2020-09-23 11:34:45,40.33434677,14.82750349,0.004191601689,0.7509521796,0.0450488367,20.39963421,5.556151859,0.002734829726,0.00552768225,6.3812957e-05,6.15171671344536,"BR-LW",840,1.0184286,0.01118378
2020-09-23 14:42:15,56.47384964,23.41193605,0.008603087225,2.579286899,0.09250330636,38.40352038,9.146586438,0.006635112221,0.01453438233,0.00015928252,7.33830503499455,"KAA-LW",778,1.0969892,0.01258977
2020-09-23 14:42:30,51.78911975,21.56102544,0.008009989208,1.706802468,0.0863211505,35.98776401,8.668426189,0.005995962744,0.01385966452,0.0001416043,6.42654748342242,"KAA-LW",778,1.0969892,0.01258977
2020-09-23 14:42:45,54.65038802,22.12439119,0.0080061617,2.615751453,0.09527286092,39.67980214,9.20204542,0.006423979877,0.01391383343,0.000199067019,6.25054936469027,"KAA-LW",778,1.0969892,0.01258977
2020-09-23 14:43:00,54.83367487,22.79830635,0.01011347811,1.978815025,0.09467950853,38.8889957,9.200822979,0.006547092142,0.01928460797,0.000227004346,6.41183723797781,"KAA-LW",778,1.0969892,0.01258977
2020-09-23 14:43:15,49.95842844,20.80592252,0.007739934125,2.628186776,0.09060327858,34.63424069,8.26817682,0.005848731318,0.01338064078,0.000164874932,6.28813409445958,"KAA-LW",778,1.0969892,0.01258977
2020-09-23 14:43:30,52.12584752,21.66952563,0.007579761568,2.822768543,0.08708349437,36.07223477,8.671194994,0.006059587113,0.01357414903,0.000186969796,6.92399212030192,"KAA-LW",778,1.0969892,0.01258977
2020-09-23 14:43:45,59.09856253,23.81417848,0.008544759163,3.469378128,0.1008779053,43.76614076,10.18501188,0.007063267927,0.01521730525,0.000147879264,7.40885162799771,"KAA-LW",778,1.0969892,0.01258977
2020-09-23 14:44:00,64.96819708,26.54066499,0.009391650444,2.968738707,0.1068683863,46.0777295,10.94315472,0.007775640763,0.01657612249,0.000161446673,6.36334712058542,"KAA-LW",778,1.0969892,0.01258977
2020-09-23 14:44:15,64.95174467,26.89807023,0.009221608946,4.116610786,0.1104094469,45.39919702,10.76265535,0.007932305113,0.01698993368,0.000120995403,7.10647873978442,"KAA-LW",778,1.0969892,0.01258977
2020-09-23 14:44:30,64.93903732,26.493017,0.008791689725,2.865600842,0.1021354468,45.81252665,10.89990644,0.007799224466,0.01618707369,0.000138724702,6.89869604928195,"KAA-LW",778,1.0969892,0.01258977
2020-09-23 14:45:45,56.94235154,23.53539543,0.00835283639,3.382618546,0.09752107427,40.52196785,9.836763695,0.007154829066,0.0151270202,0.000157652701,7.95830623950618,"KAA-LW",778,1.0969892,0.01258977
2020-09-23 14:46:15,23.68500733,10.07695966,0.004268925899,0.8977284522,0.04580081671,15.91408126,3.830286874,0.002750485715,0.006991204403,0.000170083506,7.42854908707041,"KAA-LW",778,1.0969892,0.01258977
2020-09-23 14:46:30,38.63909471,16.25508339,0.006609886731,1.509846258,0.06530562215,25.94533727,6.23569161,0.004445012682,0.009791735268,9.7460984e-05,7.946087306377,"KAA-LW",778,1.0969892,0.01258977
2020-09-23 14:46:45,48.00125696,19.93150088,0.007705868357,2.87701573,0.08506246487,33.96005034,7.978220042,0.005696147897,0.01199394232,0.000165390163,5.8762253265312,"KAA-LW",778,1.0969892,0.01258977
2020-09-23 14:47:00,57.30113546,23.85143186,0.009118618894,3.400703371,0.09213867759,40.62097295,9.486377625,0.007318736556,0.01485545875,0.000146487039,8.00632789288887,"KAA-LW",778,1.0969892,0.01258977
2020-09-23 14:47:15,52.36458265,22.4403211,0.007907849634,2.761987731,0.08565843233,36.07311906,8.559674705,0.006423264538,0.01305615852,0.000108740922,7.20295032845454,"KAA-LW",778,1.0969892,0.01258977
2020-09-23 14:47:30,58.77139793,24.44696139,0.008326537174,2.579746641,0.09240752913,41.3241772,9.583676852,0.007297220047,0.01425084825,0.000157439909,6.83667190811508,"KAA-LW",778,1.0969892,0.01258977
2020-09-23 14:48:00,54.63951889,22.97911874,0.008089959692,2.61700572,0.08596458911,39.02812929,8.927154819,0.006920497306,0.01308446186,0.000122294631,7.58026444568118,"KAA-LW",778,1.0969892,0.01258977
2020-09-23 14:48:15,52.44527095,22.00875076,0.008105001271,2.91575084,0.08474982787,36.29682359,8.421294262,0.006490538559,0.01307236848,9.99957e-05,8.16289510679786,"KAA-LW",778,1.0969892,0.01258977
2020-09-23 14:48:30,49.81182974,20.73901395,0.008387752972,2.633559696,0.08041314022,34.68290137,8.041643427,0.006127786543,0.01264875369,0.000161003395,6.23647235775338,"KAA-LW",778,1.0969892,0.01258977
2020-09-23 14:48:45,47.11009102,19.79235293,0.00859324771,1.993262207,0.0784749993,33.39771631,7.599241565,0.005848604857,0.0134939174,0.000316523892,6.04145826936986,"KAA-LW",778,1.0969892,0.01258977
2020-09-23 14:49:00,48.23841249,19.5747938,0.007101087478,2.406700577,0.08030231671,34.91749608,7.898003186,0.005592842438,0.01128430691,0.000133337903,7.79483981604179,"KAA-LW",778,1.0969892,0.01258977
2020-09-23 14:49:15,49.74734177,21.10409352,0.007717983007,2.704972954,0.08322229317,34.97702884,8.01776073,0.006049266746,0.01222474,9.7339971e-05,7.73878620114894,"KAA-LW",778,1.0969892,0.01258977
2020-09-23 14:49:30,55.26531109,23.45700668,0.009206556158,3.33486993,0.09363823385,38.22321671,8.788687413,0.006913071823,0.01431945979,0.000193805744,7.7907407046725,"KAA-LW",778,1.0969892,0.01258977
2020-09-23 14:49:45,64.27595525,27.83666709,0.009790954369,3.797772967,0.09995654625,43.19304077,10.11446921,0.008347834317,0.0157983041,0.00013588028,7.62921991226398,"KAA-LW",778,1.0969892,0.01258977
2020-09-23 14:50:00,58.47930197,24.69917297,0.008795480567,2.789429744,0.09126169406,41.08796244,9.27460983,0.007352513612,0.01389046916,0.000152062163,7.4434907144809,"KAA-LW",778,1.0969892,0.01258977
2020-09-23 14:50:15,55.14573647,23.33696762,0.008798041213,3.389088675,0.09133556332,39.40795014,8.741425122,0.006881217844,0.01408214146,0.000223432061,8.73794891212537,"KAA-LW",778,1.0969892,0.01258977
2020-09-23 14:50:30,46.48211676,20.02876812,0.008553049435,2.938433319,0.07685028265,32.95219524,7.467116904,0.006182555992,0.0120139002,9.8901755e-05,7.88659481102503,"KAA-LW",778,1.0969892,0.01258977
2020-09-23 14:50:45,50.41318687,21.31037969,0.007720315012,2.863529362,0.07941654954,36.03048348,7.947374184,0.006310412745,0.01236410822,0.000131959717,7.40567903989934,"KAA-LW",778,1.0969892,0.01258977
2020-09-23 14:51:00,44.58846042,19.03213642,0.00758985489,2.075694669,0.07338512894,31.46005162,6.90590723,0.005776753887,0.01091608991,0.000122544015,8.34595530277271,"KAA-LW",778,1.0969892,0.01258977
2020-09-23 14:51:15,53.32307871,23.13413679,0.00909008862,2.883305633,0.08874576914,37.07396011,8.143397314,0.007109473646,0.01329717656,0.000162747504,7.56048387096777,"KAA-LW",778,1.0969892,0.01258977
2020-09-23 14:51:30,51.89842497,22.41020881,0.009492399339,3.039394648,0.08320557369,36.78892785,8.025905185,0.00697015835,0.01278035154,0.00026722327,7.45112064854549,"KAA-LW",778,1.0969892,0.01258977
2020-09-23 14:51:45,52.32840125,22.58486403,0.008307478156,2.213203921,0.0828159673,37.05521143,8.081178569,0.006835152502,0.01240758039,0.000133916357,7.39777618364418,"KAA-LW",778,1.0969892,0.01258977
2020-09-23 14:52:00,49.94483571,21.66282525,0.008086732138,2.223109292,0.07471224283,35.10342479,7.624798441,0.006683397105,0.01182019573,0.000157400551,7.0179542663314,"KAA-LW",778,1.0969892,0.01258977
2020-09-24 12:08:45,92.7479991,22.74458984,0.01044202178,1.43827634,0.09563403113,41.56102557,8.997527579,0.01218515604,0.009325422146,0.000113709384,16.52571206,"EM-LW",940,0.9335385,0.01294307
2020-09-24 12:09:00,109.1563854,26.64580228,0.01377832988,2.174365155,0.1110975009,47.3308223,10.36748045,0.01451993979,0.01222076886,0.000159345539,17.81489747,"EM-LW",940,0.9335385,0.01294307
2020-09-24 12:09:15,64.0165989,15.25225762,0.00728237707,1.273051652,0.06356426279,27.58118361,5.79575248,0.008007875712,0.006331750912,9.2385785e-05,18.13474015,"EM-LW",940,0.9335385,0.01294307
2020-09-24 12:09:30,106.8885122,25.53157388,0.01295031615,2.520698679,0.1080718284,44.21668858,9.70823192,0.01393664891,0.01163483009,0.000145719921,15.67819387,"EM-LW",940,0.9335385,0.01294307
2020-09-24 12:09:45,120.0944002,28.32532185,0.01341185968,2.659548103,0.1171061779,49.80521781,11.24124435,0.01608763698,0.0121719328,0.000145352402,16.22963962,"EM-LW",940,0.9335385,0.01294307
2020-09-24 12:10:00,124.2885383,29.79550255,0.0135819215,2.385061764,0.1183587411,49.86732232,11.7113482,0.01636948869,0.01303715843,0.000168001208,16.30120908,"EM-LW",940,0.9335385,0.01294307
2020-09-24 12:10:15,104.8381087,24.68888475,0.0119445494,1.767429491,0.1004460742,41.45545448,9.45535293,0.01390501274,0.01090061248,0.000117964348,15.08135229,"EM-LW",940,0.9335385,0.01294307
2020-09-24 12:10:30,154.7614916,37.52563337,0.01780911154,2.469472069,0.1515231434,62.57409272,14.65696206,0.02009423917,0.01625286162,0.000230293948,15.70141313,"EM-LW",940,0.9335385,0.01294307
2020-09-24 12:10:45,58.2627197,13.37477911,0.00636487098,1.00375892,0.05591352779,24.44634831,5.183672315,0.006988172006,0.005675748622,9.1198476e-05,15.95962216,"EM-LW",940,0.9335385,0.01294307
2020-09-24 12:11:00,106.6279357,24.30200796,0.0110538321,1.878288267,0.1002845364,42.02381117,9.515570812,0.01279841997,0.01009556288,0.000111311774,17.5629845,"EM-LW",940,0.9335385,0.01294307
2020-09-24 12:11:15,103.0235067,23.35954027,0.01055343313,2.058761976,0.09758248473,41.11974189,9.114328904,0.01239666981,0.009584701103,0.000100909391,16.63169498,"EM-LW",940,0.9335385,0.01294307
2020-09-24 12:11:30,122.0558645,27.51822178,0.01285914732,2.386794084,0.1133308434,46.63333797,10.71778598,0.01528131309,0.01204353176,0.000236807532,16.47383707,"EM-LW",940,0.9335385,0.01294307
2020-09-24 12:11:45,128.7919374,30.22441302,0.01443589254,2.278163276,0.1203020893,48.73221497,11.39322197,0.0152824781,0.01314145939,0.00012798318,16.06594689,"EM-LW",940,0.9335385,0.01294307
2020-09-24 12:12:00,125.144459,29.00038236,0.01329167845,1.70078023,0.1138513974,46.54495725,11.02321534,0.01498840417,0.01247405083,0.000131662076,17.34294995,"EM-LW",940,0.9335385,0.01294307
2020-09-24 12:12:15,82.52216042,19.3737169,0.01083083609,1.735161883,0.08130684963,33.2574769,7.384168946,0.01035913332,0.009247553099,0.00018047712,16.78916903,"EM-LW",940,0.9335385,0.01294307
2020-09-24 12:12:30,62.38128587,14.18413945,0.007335069144,1.264242459,0.06200733482,26.47706415,5.625889455,0.007557482647,0.006304542898,7.386432e-05,15.41499587,"EM-LW",940,0.9335385,0.01294307
2020-09-24 12:12:45,128.1776572,29.56650883,0.01383813162,2.625949441,0.1209553089,49.45697163,11.76095502,0.01660149091,0.01295735033,0.000142380605,15.81428657,"EM-LW",940,0.9335385,0.01294307
2020-09-24 12:13:00,131.9602348,30.48876207,0.01436039913,2.681266351,0.1248247278,51.24485228,12.08182868,0.01640554386,0.01392710823,0.000152031496,18.16026915,"EM-LW",940,0.9335385,0.01294307
2020-09-24 12:13:15,132.7027096,29.78556032,0.0143062326,2.707357852,0.1241198608,51.98241614,12.26848784,0.01594487584,0.01391548855,0.000142133963,17.30952024,"EM-LW",940,0.9335385,0.01294307
2020-09-24 12:13:45,120.8432597,27.10513937,0.01333894429,2.393940807,0.1087100281,44.78642607,10.82037044,0.01494531525,0.01204944404,0.000161789195,15.86979031,"EM-LW",940,0.9335385,0.01294307
2020-09-24 12:14:00,61.88000394,13.01949054,0.006471842935,1.007731836,0.05555008923,23.98446887,5.204179176,0.007148606433,0.005943817531,8.5929623e-05,15.74422873,"EM-LW",940,0.9335385,0.01294307
2020-09-24 12:14:15,78.59181767,16.80318955,0.007574573736,1.477425797,0.07161289537,30.18828352,6.630505348,0.009275965089,0.0077019578,9.1498436e-05,16.54168505,"EM-LW",940,0.9335385,0.01294307
2020-09-24 12:14:30,109.0400726,24.40124913,0.01148991437,2.442431248,0.1008420796,41.61210859,9.84410512,0.01381005348,0.0111916331,0.000127431434,16.25411249,"EM-LW",940,0.9335385,0.01294307
2020-09-24 12:14:45,126.2400338,27.47521207,0.01235874096,2.536442891,0.1133088392,48.07121699,11.52136846,0.01597933348,0.01247307857,0.000131236419,17.55135396,"EM-LW",940,0.9335385,0.01294307
2020-09-24 12:15:00,104.3032628,22.69532807,0.01058312882,1.742563575,0.09446679494,39.05423425,9.18404718,0.01329863437,0.01029881166,0.000128696174,16.37298458,"EM-LW",940,0.9335385,0.01294307
2020-09-24 12:15:15,118.874942,25.67754127,0.01181505137,2.241361019,0.1072699543,45.24817523,10.66156041,0.01494327773,0.01144310128,0.000155659702,17.55172885,"EM-LW",940,0.9335385,0.01294307
2020-09-24 12:15:30,60.74618841,12.79280195,0.005816739874,0.7553811,0.05433706941,24.08526904,5.19430886,0.007259641674,0.005863134566,0.000109635699,17.6330561,"EM-LW",940,0.9335385,0.01294307
2020-09-24 12:15:45,68.96491206,15.14006712,0.008900096635,1.190867415,0.06532853818,27.55625119,6.121302033,0.008614250775,0.007664037979,0.000114832431,16.2452741,"EM-LW",940,0.9335385,0.01294307
2020-09-24 12:16:00,120.4410339,26.34682375,0.01251740338,2.437012509,0.1109701288,46.01903373,10.86677622,0.01575690325,0.01263579289,0.000186796233,17.28375327,"EM-LW",940,0.9335385,0.01294307
2020-09-24 12:16:15,90.91499135,19.93771231,0.00883628084,1.791307742,0.08251650413,34.31148897,7.897561166,0.01166517338,0.009014464315,9.1212746e-05,15.9009196,"EM-LW",940,0.9335385,0.01294307
2020-09-24 12:16:30,79.53608942,17.27259806,0.007464504905,1.669572418,0.07449212224,31.2438466,7.001026615,0.01043885851,0.007403934659,9.1787739e-05,15.27277776,"EM-LW",940,0.9335385,0.01294307
2020-09-24 12:16:45,119.6200493,25.94294454,0.01242859473,1.965905024,0.107771679,44.77632998,10.74059937,0.01604431073,0.01244236249,0.000248166491,16.02396958,"EM-LW",940,0.9335385,0.01294307
2020-09-24 12:17:00,58.51479858,12.4224552,0.005647935722,0.7573344255,0.05423352691,23.70906666,5.09229084,0.007131579563,0.005383423054,8.7594994e-05,17.60948724,"EM-LW",940,0.9335385,0.01294307
2021-01-21 11:07:00,36.01820965,11.45890816,0.01582157695,3.564038256,0.06975059869,17.65159689,3.801522982,0.003618380091,0.02871540251,9.5954144e-05,13.5041246293705,"KAA-MW",1350,1.3549239,0.01285241
2021-01-21 11:07:15,18.36439106,5.684568385,0.009511042151,1.741496822,0.03672005288,9.779377145,2.098495983,0.001907335522,0.01270167912,4.1876748e-05,14.9137135146652,"KAA-MW",1350,1.3549239,0.01285241
2021-01-21 11:07:30,39.98478116,13.01408921,0.01889881853,4.271773264,0.0782595607,20.16195693,4.351353091,0.004146448652,0.02780367242,8.6574843e-05,13.3619467951573,"KAA-MW",1350,1.3549239,0.01285241
2021-01-21 11:08:00,21.19348022,6.650733382,0.03826601615,2.06594053,0.04652469813,10.86245384,2.399725319,0.002936105585,0.02929120769,0.000112746454,13.5938321707465,"KAA-MW",1350,1.3549239,0.01285241
2021-01-21 11:08:30,26.9254509,8.838500467,0.01180329851,2.885236583,0.05418679607,13.77772423,3.003997607,0.002946377002,0.01901769875,7.109118e-05,12.879179635285,"KAA-MW",1350,1.3549239,0.01285241
2021-01-21 11:08:45,36.83595259,12.03970464,0.01747410118,3.95745968,0.07392061963,18.93887667,4.016138327,0.00404663399,0.0307976767,0.000117038671,12.444461728419,"KAA-MW",1350,1.3549239,0.01285241
2021-01-21 11:09:00,23.63297461,7.464944204,0.1127680392,2.226426415,0.06453189162,12.37518489,2.677411351,0.00585957581,0.07148035407,0.000512218575,12.7706275566198,"KAA-MW",1350,1.3549239,0.01285241
2021-01-21 11:09:15,21.50684426,6.558850575,0.4167947941,2.110127355,0.09069022021,11.8689464,2.502157614,0.005294623167,0.08521703683,0.00052558839,13.7346466271632,"KAA-MW",1350,1.3549239,0.01285241
2021-01-21 11:09:30,20.24065438,6.092790253,0.02878904464,1.977180243,0.04379613214,11.13339284,2.332131155,0.002666037404,0.02115889556,0.000122597019,13.2676464840736,"KAA-MW",1350,1.3549239,0.01285241
2021-01-21 11:09:45,17.76901371,5.502453317,0.0443402576,1.664854788,0.04168731838,9.774001195,2.086563856,0.002753467291,0.03161946622,0.000120140251,12.6457221892906,"KAA-MW",1350,1.3549239,0.01285241
2021-01-21 11:10:00,42.14916207,13.89823005,0.01863558294,4.772039825,0.08430611503,21.84112105,4.528728074,0.004563190391,0.02900376938,9.3822895e-05,12.7867932178017,"KAA-MW",1350,1.3549239,0.01285241
2021-01-21 11:10:15,48.52644164,15.68680682,0.02439231285,5.556086447,0.09844224677,26.53710129,5.162856211,0.00529216151,0.03272864559,0.000132068786,12.9874418041538,"KAA-MW",1350,1.3549239,0.01285241
2021-01-21 11:10:30,36.47522018,11.82780413,0.01691227729,4.000733474,0.07187651884,18.80813023,3.834311807,0.00386460937,0.02338799993,8.279325e-05,12.8228791249356,"KAA-MW",1350,1.3549239,0.01285241
2021-01-21 11:10:45,40.67807512,13.23742438,0.05790880815,4.460087813,0.08835193959,21.42411998,4.262763971,0.005512462302,0.04262872357,0.000190116094,13.454226381983,"KAA-MW",1350,1.3549239,0.01285241
2021-01-21 11:11:00,21.90842338,6.712873306,0.3357186721,2.157061809,0.08055532369,12.11725131,2.476015545,0.003908387281,0.03718500589,0.000379026086,13.7867647058823,"KAA-MW",1350,1.3549239,0.01285241
2021-01-21 11:11:15,22.68818819,7.147918641,0.0180518079,2.295460377,0.04713016579,12.57495259,2.527542628,0.002689161246,0.02213226798,0.000104467552,12.9937376046582,"KAA-MW",1350,1.3549239,0.01285241
2021-01-21 11:11:30,26.36300199,8.494447314,0.01087935416,2.83930754,0.05362009241,14.39164542,2.898742271,0.002730186709,0.0168083514,6.9336577e-05,13.112444100868,"KAA-MW",1350,1.3549239,0.01285241
2021-01-21 11:11:45,38.0475684,12.29927247,0.01764634189,3.98144338,0.07449997313,20.02057554,3.961408362,0.003933094143,0.02769736612,0.000106001056,13.4646456874663,"KAA-MW",1350,1.3549239,0.01285241
2021-01-21 11:12:00,40.67740016,13.16364083,0.05792929688,4.288302769,0.08769001249,21.50417299,4.271132607,0.005995476556,0.05306047095,0.000317477719,13.9609287895681,"KAA-MW",1350,1.3549239,0.01285241
2021-01-21 11:12:15,19.59452557,6.033193561,0.009679620787,1.909968881,0.03956789082,11.39277072,2.200359009,0.002027309638,0.01666227361,5.3063408e-05,13.1116742825273,"KAA-MW",1350,1.3549239,0.01285241
2021-01-21 11:12:30,37.32085182,12.18778793,0.01603461796,4.191840583,0.07574657658,20.79564368,3.951671094,0.003766447549,0.02952789966,0.00010450679,13.321446504145,"KAA-MW",1350,1.3549239,0.01285241
2021-01-21 11:12:45,32.92473795,10.80120862,0.02968470714,3.504664279,0.0692926703,17.8057662,3.505646368,0.004086441873,0.03317673524,0.000154494986,13.2249760234213,"KAA-MW",1350,1.3549239,0.01285241
2021-01-21 11:13:00,22.3063001,6.852747664,0.01387781736,2.231374312,0.04505025693,13.12683006,2.465273422,0.002193188158,0.01583171025,0.000105398294,14.8031185236357,"KAA-MW",1350,1.3549239,0.01285241
2021-01-21 11:13:15,23.95093818,7.607956126,0.09493826486,2.399560715,0.06455132039,13.36397856,2.584222898,0.005207835684,0.05631444976,0.00037009035,13.1023719146804,"KAA-MW",1350,1.3549239,0.01285241
2021-01-21 11:13:30,18.14667037,5.571801127,0.009616866016,1.793930504,0.03743487935,10.69062542,2.068737748,0.001928116645,0.01154300036,4.7981189e-05,12.9379643635187,"KAA-MW",1350,1.3549239,0.01285241
2021-01-21 11:14:00,40.95318245,13.65631764,0.05295694394,4.476089063,0.08815186367,22.31852484,4.102198526,0.005426003055,0.05641993843,0.000245478853,13.083815716438,"KAA-MW",1350,1.3549239,0.01285241
2021-01-21 11:14:15,41.94480292,13.75333392,0.01835185081,4.620534028,0.08374088922,23.89460873,4.276793305,0.00423920232,0.02991684996,0.000149517012,13.0259343414558,"KAA-MW",1350,1.3549239,0.01285241
2021-01-21 11:14:45,44.26005149,14.60547646,0.0253695691,4.738365525,0.0869448726,24.10031897,4.424078394,0.004804296327,0.02950680388,0.000148152813,13.0613023167128,"KAA-MW",1350,1.3549239,0.01285241
2021-01-21 11:15:00,21.48794424,6.631933395,0.01477916703,2.207954973,0.04420536635,13.11749633,2.346172583,0.002201012417,0.01493261368,7.7872779e-05,12.986521755576,"KAA-MW",1350,1.3549239,0.01285241
2021-01-21 11:15:15,24.70924388,7.861595078,0.01252323544,2.543225064,0.05031771605,14.65473994,2.679975156,0.002544043514,0.01514260896,9.180689e-05,14.3076938153524,"KAA-MW",1350,1.3549239,0.01285241
2021-01-21 11:15:30,19.65994046,6.031451649,0.02799082573,1.906080908,0.04432729215,11.85842264,2.169776331,0.002596630971,0.02256599416,9.3974925e-05,12.8853564547206,"KAA-MW",1350,1.3549239,0.01285241
2021-01-21 11:15:45,41.14984831,13.38990934,0.01721059181,4.429608583,0.08223408853,23.84343514,4.12787532,0.004021381278,0.02371599242,0.000142816442,12.4303586918613,"KAA-MW",1350,1.3549239,0.01285241
2021-01-21 11:16:00,30.0935929,9.412645902,0.0124403639,3.080859527,0.0597249678,17.92647836,3.17953766,0.00291962057,0.017570466,0.000106369259,12.1478114346174,"KAA-MW",1350,1.3549239,0.01285241
2021-01-21 11:16:15,36.48499341,12.0012714,0.02452909616,4.053837111,0.07572713372,21.24004065,3.641229539,0.003982643789,0.02657479397,0.000141909258,13.13748925788,"KAA-MW",1350,1.3549239,0.01285241
2021-01-21 14:57:00,110.8505299,21.1239455,0.02492330794,6.824460563,0.1210492623,26.22381918,8.176303418,0.009408143376,0.04822161495,0.000116571767,NA,"BR-MW",2070,1.4327304,0.01203366
2021-01-21 14:57:30,107.4160333,19.73256972,0.02021148931,6.234264529,0.1149054613,25.36899125,7.726863017,0.007943156666,0.04442196486,9.2928179e-05,55.8905426791402,"BR-MW",2070,1.4327304,0.01203366
2021-01-21 14:57:45,115.7350991,21.45580736,0.02166458475,6.815786455,0.1233699474,27.17034747,8.354584395,0.0086711409,0.04770707024,0.000108890699,53.2725294087164,"BR-MW",2070,1.4327304,0.01203366
2021-01-21 14:58:15,62.90273854,11.24840594,0.01320652209,3.315588801,0.06611235401,15.06253344,4.818556312,0.004672871308,0.02895082844,5.4461605e-05,54.2866111490666,"BR-MW",2070,1.4327304,0.01203366
2021-01-21 14:58:30,54.07158483,9.635511538,0.0208228609,2.696846884,0.05784306309,12.67893053,4.104403305,0.004718437249,0.02871349224,6.2133363e-05,55.3135931909465,"BR-MW",2070,1.4327304,0.01203366
2021-01-21 14:58:45,56.97579642,10.21968601,0.01241152845,2.965481354,0.05891571851,13.50057738,4.412691235,0.004545317523,0.02465260724,4.787853e-05,52.4191234145129,"BR-MW",2070,1.4327304,0.01203366
2021-01-21 14:59:00,59.54939896,10.99415864,0.01496216143,3.207177225,0.06245369845,14.01935865,4.666066495,0.00500441794,0.03015325161,6.4811041e-05,54.8943308946882,"BR-MW",2070,1.4327304,0.01203366
2021-01-21 14:59:15,61.85358063,11.1235237,0.01368635372,3.231723906,0.06561148066,14.76399907,4.665618897,0.004718528734,0.02751956531,5.6333956e-05,52.6937496790098,"BR-MW",2070,1.4327304,0.01203366
2021-01-21 14:59:30,61.81840945,10.99558874,0.01294115675,3.194794672,0.06480810216,14.74038379,4.61501632,0.004585907171,0.02647505714,5.9376805e-05,53.0054699253738,"BR-MW",2070,1.4327304,0.01203366
2021-01-21 14:59:45,55.32819158,9.851480075,0.01439204567,2.836978387,0.05863008472,13.28818828,4.073587718,0.004088856762,0.02685053418,5.767778e-05,54.5802053161514,"BR-MW",2070,1.4327304,0.01203366
2021-01-21 15:00:00,57.50109449,10.24642182,0.01373851793,2.938542927,0.06108690387,13.87234644,4.316526038,0.004318546956,0.02669501733,5.4016402e-05,55.8058782191724,"BR-MW",2070,1.4327304,0.01203366
2021-01-21 15:00:15,87.99478688,16.28359817,0.01577065393,4.431289769,0.08507971815,18.67929278,5.553172916,0.006621530278,0.03859396507,7.8213173e-05,56.2008929799309,"BR-MW",2070,1.4327304,0.01203366
2021-01-21 15:00:30,48.57041081,8.630131101,0.01307030416,2.489794147,0.05280703245,12.040446,3.670530354,0.003648134909,0.02398793251,6.651604e-05,53.6696632228633,"BR-MW",2070,1.4327304,0.01203366
2021-01-21 15:00:45,112.0612054,21.27051421,0.02473497398,6.753303682,0.1187694631,25.69886228,8.019172952,0.009278664869,0.04750927442,0.000112166698,53.1511767052253,"BR-MW",2070,1.4327304,0.01203366
2021-01-21 15:01:00,125.2594287,24.15930729,0.06183598637,7.750810621,0.1427338016,29.38593867,9.095636983,0.01247788905,0.07572385297,0.000213827606,54.7776481265396,"BR-MW",2070,1.4327304,0.01203366
2021-01-21 15:01:15,48.40291076,8.546616208,0.01222611335,2.50175155,0.05234427914,11.83889752,3.572969394,0.003643971266,0.02295315987,5.4756403e-05,53.7269788703242,"BR-MW",2070,1.4327304,0.01203366
2021-01-21 15:01:30,52.31702727,9.25113672,0.2564791577,2.713920185,0.09315635339,13.31090505,3.911593476,0.005527558752,0.05406702279,0.000183840589,51.6315572077654,"BR-MW",2070,1.4327304,0.01203366
2021-01-21 15:01:45,54.94732807,9.585607161,0.01136364924,2.814321368,0.0585214297,13.56440884,4.164947463,0.004024792416,0.03153919147,5.130869e-05,53.6804733727811,"BR-MW",2070,1.4327304,0.01203366
2021-01-21 15:02:00,59.52917359,10.3883565,0.01625349336,3.182727685,0.06725075365,15.61378028,4.557764798,0.004444627658,0.02646169931,7.2219021e-05,54.0668768718308,"BR-MW",2070,1.4327304,0.01203366
2021-01-21 15:02:15,64.15600713,11.49776749,0.01201191207,3.562902474,0.06928997357,16.45871415,5.040956123,0.005090927168,0.02466643028,5.9951695e-05,53.2032808689869,"BR-MW",2070,1.4327304,0.01203366
2021-01-21 15:02:30,57.74938273,10.57287295,0.01219216721,3.305938627,0.06404523441,14.61141171,4.553630478,0.00483283858,0.02647700852,5.2970809e-05,54.1231662532926,"BR-MW",2070,1.4327304,0.01203366
2021-01-21 15:02:45,71.14614203,13.11399663,0.01477537853,4.194384671,0.07910853705,18.0728719,5.479330866,0.005862696587,0.03011975928,7.5987492e-05,52.7531465930667,"BR-MW",2070,1.4327304,0.01203366
2021-01-21 15:03:00,70.35936534,12.67328846,0.02461078845,3.994894333,0.0834018584,18.14656256,5.286068087,0.005676164818,0.03341550828,0.000190443872,54.1244376208568,"BR-MW",2070,1.4327304,0.01203366
2021-01-21 15:03:15,44.80515794,7.946546709,0.01588261104,2.308204152,0.04990255563,11.21500942,3.444811423,0.003518965019,0.0256301915,5.7361377e-05,55.9532063237865,"BR-MW",2070,1.4327304,0.01203366
2021-01-21 15:03:30,59.63861588,10.50370209,0.01291245835,3.183998129,0.06575419681,15.48414933,4.615597155,0.004445304365,0.02477068487,8.6175596e-05,55.391287206781,"BR-MW",2070,1.4327304,0.01203366
2021-01-21 15:03:45,44.01381204,7.903450623,0.01088714113,2.260795288,0.04839895244,11.15054015,3.43926528,0.003434547199,0.02567556038,6.0724135e-05,54.3779608751058,"BR-MW",2070,1.4327304,0.01203366
2021-01-21 15:04:00,54.45391141,9.694763284,0.0111917782,2.834756197,0.05912656249,13.95384353,4.181670962,0.00434596096,0.02233692849,6.7456506e-05,56.3857062735357,"BR-MW",2070,1.4327304,0.01203366
2021-01-21 15:04:15,51.24203771,9.316317821,0.01605323495,2.830397323,0.05697498484,12.95755871,3.982095135,0.004189914401,0.02302799495,6.4862952e-05,53.9570100205876,"BR-MW",2070,1.4327304,0.01203366
2021-01-21 15:04:30,55.90567186,10.14419143,0.01100107603,3.109570757,0.06171083191,14.4029723,4.333489521,0.004619639635,0.02217580804,7.2394951e-05,54.2221283864838,"BR-MW",2070,1.4327304,0.01203366
2021-01-21 15:04:45,54.65769303,10.00727216,0.01136995748,3.232333434,0.06069696926,14.03670343,4.296818912,0.004654622546,0.02351814508,8.1613845e-05,54.2624055085698,"BR-MW",2070,1.4327304,0.01203366
2021-01-21 15:05:15,57.84551063,10.30086475,0.01068997381,3.184516482,0.06299801554,15.04102866,4.420070036,0.004594411881,0.02403498779,5.5443003e-05,52.5658525251939,"BR-MW",2070,1.4327304,0.01203366
2021-01-21 15:05:30,46.36165586,8.304181487,0.03917833839,2.440780137,0.06011158462,12.13238012,3.596736464,0.004613795886,0.0288573481,9.4326211e-05,53.3700191234438,"BR-MW",2070,1.4327304,0.01203366
2021-01-21 15:05:45,46.7310747,8.472784707,0.01170777715,2.506790137,0.0514372411,11.9880536,3.701676225,0.003959498992,0.02033032469,4.9491137e-05,52.0548217893721,"BR-MW",2070,1.4327304,0.01203366
2021-01-21 15:06:00,58.53190847,10.71562272,0.08053845574,3.226680765,0.08267695582,15.69091085,4.652891132,0.006927943145,0.08137929535,0.00018133265,53.6288880943868,"BR-MW",2070,1.4327304,0.01203366
2021-01-21 15:06:15,43.04418346,7.624403161,0.008864739162,2.307761143,0.04920688968,11.47786472,3.292033929,0.003242650092,0.01736902187,4.4446227e-05,53.6149780320931,"BR-MW",2070,1.4327304,0.01203366
2021-01-21 15:06:30,45.94163629,8.517319206,0.009324158661,2.542629574,0.05033035519,11.74100443,3.623310847,0.004079413555,0.02265816985,4.8563288e-05,54.9633577614923,"BR-MW",2070,1.4327304,0.01203366
2021-01-22 13:12:00,51.40953216,9.884478751,0.01478908299,2.819128063,0.0563573092,15.32317715,4.102917796,0.004635931367,0.02294062937,6.8440077e-05,35.96594963,"EM-MW",2320,1.271812,0.01270545
2021-01-22 13:12:15,93.49783169,18.55091361,0.02404963038,5.895363173,0.1068235875,28.64384196,7.364400835,0.008646406063,0.04013922009,0.000124154454,36.78021127,"EM-MW",2320,1.271812,0.01270545
2021-01-22 13:12:30,69.01121747,13.47960058,0.02924567969,3.963034621,0.07918321965,20.81102075,5.495115404,0.00675709261,0.03399902179,0.000109014336,33.85526873,"EM-MW",2320,1.271812,0.01270545
2021-01-22 13:12:45,89.14271464,18.3180975,0.1266363095,5.649215026,0.1224301588,28.77471949,7.157935078,0.0110493751,0.08014272027,0.000360092633,35.80658526,"EM-MW",2320,1.271812,0.01270545
2021-01-22 13:13:00,95.2654095,19.4071457,0.02607034047,6.21517684,0.1111348986,29.91346348,7.650312114,0.009105940905,0.04071880525,0.000131345002,34.74415666,"EM-MW",2320,1.271812,0.01270545
2021-01-22 13:13:15,94.00091935,18.24265438,0.0556936896,5.777607115,0.1123979443,28.49669912,7.426589849,0.01026429869,0.06035157651,0.0001846374,34.79229003,"EM-MW",2320,1.271812,0.01270545
2021-01-22 13:13:30,83.10481962,16.2106486,0.02186488924,4.909724763,0.09210677342,24.71476853,6.690415501,0.007734780196,0.03585432536,0.000107064871,36.398599,"EM-MW",2320,1.271812,0.01270545
2021-01-22 13:13:45,90.84816,18.13721077,0.1522833346,5.496653743,0.1274744146,27.67110007,7.164408286,0.01312243096,0.1092222812,0.000340123345,36.36832091,"EM-MW",2320,1.271812,0.01270545
2021-01-22 13:14:00,81.26675831,15.92175579,0.0575307313,4.888217111,0.09794746165,24.33615875,6.437535342,0.008856991898,0.05459745918,0.000161579509,35.47706042,"EM-MW",2320,1.271812,0.01270545
2021-01-22 13:14:15,82.23172266,16.72910148,0.02744834993,5.356985677,0.09728703359,24.83383816,6.63839169,0.008630563996,0.03669840209,0.000137509798,36.77680898,"EM-MW",2320,1.271812,0.01270545
2021-01-22 13:14:30,105.2880434,20.49167821,0.03042897026,6.686690833,0.1179402364,30.22204878,8.473764074,0.01011306682,0.04992359067,0.000140737274,35.13505644,"EM-MW",2320,1.271812,0.01270545
2021-01-22 13:14:45,101.703925,19.84072954,0.02607840299,6.586428035,0.114709728,30.20755746,8.141425138,0.00977743863,0.05270467547,0.000137406642,36.40514001,"EM-MW",2320,1.271812,0.01270545
2021-01-22 13:15:00,85.11239499,16.10186173,0.0196505408,4.938653421,0.09208124176,24.47361498,6.896498214,0.007719366209,0.03469715106,0.000103405361,35.63257192,"EM-MW",2320,1.271812,0.01270545
2021-01-22 13:15:15,78.01748337,15.07792741,0.01828320849,4.616923511,0.08552352938,23.1023478,6.413804635,0.007222125985,0.03151379527,8.8178365e-05,36.15024394,"EM-MW",2320,1.271812,0.01270545
2021-01-22 13:15:30,92.73786654,16.93273652,0.02246399872,5.502360838,0.09957085359,26.20107973,7.502519937,0.008728292865,0.04039915201,0.000127817631,36.16761274,"EM-MW",2320,1.271812,0.01270545
2021-01-22 13:15:45,99.19620557,19.00451051,0.02202889684,6.132017177,0.1063499462,28.9960698,8.036160942,0.009225209932,0.04072326411,0.000111188544,36.49843714,"EM-MW",2320,1.271812,0.01270545
2021-01-22 13:16:00,90.15243869,16.82506974,0.02035237828,5.171981553,0.09420752149,25.8696488,7.471609934,0.008423738381,0.03636212472,0.000110428458,37.1773501,"EM-MW",2320,1.271812,0.01270545
2021-01-22 13:16:15,105.462074,19.82551042,0.02566279905,6.583684791,0.1137332734,30.11007039,8.508069903,0.01014970204,0.04480443224,0.000131228908,37.47689093,"EM-MW",2320,1.271812,0.01270545
2021-01-22 13:16:30,109.7084511,20.65355984,0.02376169479,6.933202671,0.1170942515,31.59186142,8.941667441,0.01051693875,0.04553457284,0.000184913577,38.36510286,"EM-MW",2320,1.271812,0.01270545
2021-01-22 13:16:45,135.3073105,25.34095664,0.02839550025,8.463012777,0.1367046891,39.12816894,10.77929869,0.0135895045,0.05649751679,0.000158513387,36.25830295,"EM-MW",2320,1.271812,0.01270545
2021-01-22 13:17:00,136.392904,25.81784549,0.03062919191,9.274438045,0.1499243494,41.45171502,10.75147577,0.01306784705,0.05992432495,0.000281428467,35.83450972,"EM-MW",2320,1.271812,0.01270545
2021-01-22 13:17:15,44.74626468,8.205433708,0.01273510921,2.424852551,0.04995101947,13.1828553,3.698361229,0.004136111001,0.02029153453,5.4772966e-05,37.53850103,"EM-MW",2320,1.271812,0.01270545
2021-01-22 13:17:30,85.41107708,16.70251818,0.01877465349,4.825994509,0.08747449617,24.7149524,6.950029243,0.008058654347,0.03428423691,0.000116408763,35.72934021,"EM-MW",2320,1.271812,0.01270545
2021-01-22 13:17:45,76.67147087,14.71004887,0.02023324776,4.708062373,0.08487749019,22.41143172,6.363532131,0.00741964545,0.03569298296,0.00010579492,37.09978967,"EM-MW",2320,1.271812,0.01270545
2021-01-22 13:18:00,120.4055216,22.84910019,0.1103333328,8.139311257,0.1467232431,35.120373,9.697570951,0.01462062092,0.09064713847,0.00061084831,36.89895803,"EM-MW",2320,1.271812,0.01270545
2021-01-22 13:18:15,76.27067841,14.22685184,0.02460810266,4.474060618,0.0832305404,22.0233788,6.347779243,0.007536436558,0.03439287532,0.000112075933,36.78188343,"EM-MW",2320,1.271812,0.01270545
2021-01-22 13:18:30,134.0251176,24.87348458,0.02704882036,8.997953929,0.1446613979,37.6978751,10.85707898,0.01292185717,0.05479201653,0.000226783784,34.61019534,"EM-MW",2320,1.271812,0.01270545
2021-01-22 13:18:45,85.44198196,15.77428508,0.02328894163,5.361307814,0.09533934026,24.88103692,7.237638094,0.00847662332,0.03798999258,0.000129812903,35.2119622,"EM-MW",2320,1.271812,0.01270545
2021-01-22 13:19:00,72.50362217,13.36019542,0.0184632532,4.268013672,0.07774303207,20.70170783,6.157379015,0.006967623234,0.03416826365,9.9379978e-05,35.88323293,"EM-MW",2320,1.271812,0.01270545
2021-01-22 13:19:15,74.89401688,13.75790999,0.01786204033,4.404738948,0.08007915955,21.57924212,6.335297364,0.007501858255,0.03278869924,8.9183617e-05,34.84043083,"EM-MW",2320,1.271812,0.01270545
2021-01-22 13:19:30,74.5603002,13.58811002,0.02561324935,4.227311805,0.07873030416,21.42574902,6.287593513,0.007537465655,0.0381543822,0.000124907515,36.27747847,"EM-MW",2320,1.271812,0.01270545
2021-01-22 13:19:45,80.02373958,14.67680396,0.05756737185,5.014880205,0.0941283529,22.94823854,6.687446257,0.008630975229,0.04947059893,0.000274518795,37.27929966,"EM-MW",2320,1.271812,0.01270545
2021-01-22 13:20:00,79.16329624,14.48496421,0.01814580639,5.04050414,0.08949251036,23.89690078,6.757642329,0.007778754165,0.03540028215,0.000120301716,34.49142742,"EM-MW",2320,1.271812,0.01270545
2021-01-22 13:20:15,97.01411843,17.62049846,0.01877277744,6.148486047,0.1033381512,27.8369537,8.108632202,0.009481022348,0.0375626996,0.000106267612,34.44167443,"EM-MW",2320,1.271812,0.01270545
2021-01-22 13:20:30,98.51229917,17.92991185,0.02059588769,6.223303236,0.1046485679,27.8497447,8.22885025,0.009775260258,0.04084478538,0.00014985642,34.06469347,"EM-MW",2320,1.271812,0.01270545
2021-01-22 13:20:45,85.19723761,15.64464995,0.03565116321,5.389267111,0.09708165105,24.48264493,7.152051982,0.009275146633,0.05177994598,0.00013969925,34.24552194,"EM-MW",2320,1.271812,0.01270545
2021-01-22 13:21:00,68.58862386,12.26970318,0.02443652807,3.990311063,0.07516861851,20.13282175,5.854889568,0.007041837814,0.03533066789,0.000109586384,32.40685514,"EM-MW",2320,1.271812,0.01270545
2021-01-22 13:21:15,75.67305066,13.69624236,0.02198002273,4.674912349,0.08334635587,21.83345837,6.402794388,0.007805944203,0.03683076434,9.8068444e-05,33.56145689,"EM-MW",2320,1.271812,0.01270545
2021-01-22 13:21:30,87.87530029,15.89328323,0.02102670864,5.680618835,0.09676569262,25.06390791,7.382081423,0.008910369271,0.03942787696,0.000122627886,34.74347079,"EM-MW",2320,1.271812,0.01270545
2021-01-22 13:21:45,88.50536773,15.98415104,0.02005975021,5.556320787,0.09595152457,25.39510817,7.535120092,0.009180232815,0.03886571819,0.000102044105,33.48115951,"EM-MW",2320,1.271812,0.01270545
2021-02-02 12:09:00,41.36641591,15.75242003,0.04148673895,5.72452026,0.08409196237,13.27401991,5.013366898,0.005102663096,0.07181587472,0.000164666743,120.743157224698,"KAA-HW1",4930,1.9851852,0.01042715
2021-02-02 12:09:15,49.64468337,18.92378009,0.05387847942,6.99027644,0.100057207,16.77698474,6.063256563,0.006699241053,0.08862201421,0.000230472528,120.885908409071,"KAA-HW1",4930,1.9851852,0.01042715
2021-02-02 12:09:30,49.66755913,18.79767387,0.04715574534,6.952356571,0.09839711217,16.96323108,5.974373693,0.006730163363,0.0879716942,0.000228197237,120.062746359907,"KAA-HW1",4930,1.9851852,0.01042715
2021-02-02 12:09:45,40.94925768,15.20286791,0.04275280198,5.691911251,0.0826133023,13.05038589,4.881772144,0.005601123008,0.07663851055,0.000196771066,120.74569144268,"KAA-HW1",4930,1.9851852,0.01042715
2021-02-02 12:10:00,39.46804492,14.6911394,0.04179555346,5.266074934,0.07855793747,13.66556021,4.759021995,0.005457805768,0.08187260802,0.000191053234,121.22308666546,"KAA-HW1",4930,1.9851852,0.01042715
2021-02-02 12:10:15,56.56269722,21.67191732,0.05527775283,8.547760264,0.1156780306,18.92568628,6.895007791,0.008292083042,0.1065910282,0.000283427342,119.371079234427,"KAA-HW1",4930,1.9851852,0.01042715
2021-02-02 12:10:30,47.30096768,17.72895979,0.04864139861,6.763125268,0.09603247134,15.83572395,5.738919015,0.006783488263,0.0925848795,0.000237683921,120.694331434771,"KAA-HW1",4930,1.9851852,0.01042715
2021-02-02 12:10:45,32.22459243,11.91260204,0.03876717115,4.37561933,0.06648738333,11.14395909,3.888675311,0.004625528815,0.06611602451,0.000180380797,121.873623415398,"KAA-HW1",4930,1.9851852,0.01042715
2021-02-02 12:11:00,53.47820518,20.2262604,0.05055007946,8.03923648,0.1089515444,18.26187021,6.685650827,0.007635655757,0.09823110522,0.000259157113,120.479595885307,"KAA-HW1",4930,1.9851852,0.01042715
2021-02-02 12:11:15,54.31324339,20.58312686,0.05680264279,8.431990084,0.1124543972,18.51807691,6.756552761,0.008112511717,0.1036516092,0.000288555103,119.006797506908,"KAA-HW1",4930,1.9851852,0.01042715
2021-02-02 12:11:30,43.01469629,16.11191076,0.04439906163,6.492736812,0.08958264581,15.34360539,5.399670843,0.006400514356,0.08269710803,0.000222682263,119.610935856993,"KAA-HW1",4930,1.9851852,0.01042715
2021-02-02 12:11:45,59.74060181,22.65232302,0.05799875447,9.678040096,0.1247284837,21.70542431,7.514250115,0.008935991179,0.1093810495,0.000313191942,122.337404829969,"KAA-HW1",4930,1.9851852,0.01042715
2021-02-02 12:12:00,49.09806827,16.36405601,0.04337937995,6.209705563,0.09933854599,18.40179019,6.467498264,0.006578247694,0.07767392151,0.000242170941,117.972421529,"KAA-HW1",4930,1.9851852,0.01042715
2021-02-02 12:12:15,54.28877697,20.35697854,0.05515319599,8.246127976,0.1116663659,18.78476031,6.85299813,0.008118734598,0.1007370754,0.000273538694,120.126551472378,"KAA-HW1",4930,1.9851852,0.01042715
2021-02-02 12:12:30,37.2604102,14.05422323,0.04106831371,5.549414552,0.07807365494,13.61651311,4.708867113,0.005668340134,0.07381367484,0.000201610652,119.626804412677,"KAA-HW1",4930,1.9851852,0.01042715
2021-02-02 12:12:45,60.88908452,22.96735384,0.06187406322,9.651168709,0.1253560206,20.44357019,7.656360369,0.009270678227,0.1120531852,0.000320690138,120.799101954045,"KAA-HW1",4930,1.9851852,0.01042715
2021-02-02 12:13:00,56.8793423,21.78218485,0.1241985776,8.875200383,0.1222913753,19.86264972,7.317332437,0.009192717561,0.1083406123,0.00038061436,117.973696092842,"KAA-HW1",4930,1.9851852,0.01042715
2021-02-02 12:13:15,44.96037371,16.88167566,0.04786083373,6.763321624,0.09428168156,16.01776736,5.824640101,0.006939198241,0.08737069308,0.000262384647,119.059723041259,"KAA-HW1",4930,1.9851852,0.01042715
2021-02-02 12:13:30,37.50040762,13.83095942,0.03891004092,5.377329896,0.07763393568,13.59475892,4.636434652,0.005708342294,0.07198164966,0.00020123379,119.313500689874,"KAA-HW1",4930,1.9851852,0.01042715
2021-02-02 12:13:45,48.07437298,18.23775232,0.04525863181,7.1275062,0.1005388807,17.37815404,6.15183632,0.007392855176,0.08815004661,0.000308278905,120.303797468354,"KAA-HW1",4930,1.9851852,0.01042715
2021-02-02 12:14:00,32.82154457,12.21865339,0.03597592648,4.658533868,0.0692428274,11.26114208,4.041148673,0.00430460905,0.06413288396,0.000174199718,122.034294166878,"KAA-HW1",4930,1.9851852,0.01042715
2021-02-02 12:14:15,38.62439396,14.86495542,0.03530376199,5.827945715,0.0803650448,13.43249346,4.875118817,0.005031537544,0.06863669383,0.000175202791,124.030855014925,"KAA-HW1",4930,1.9851852,0.01042715
2021-02-02 12:14:30,34.96827042,13.01681691,0.03018560843,4.861740775,0.07563376792,12.43161603,4.411193376,0.004612237632,0.06044144063,0.000165428254,121.324450232931,"KAA-HW1",4930,1.9851852,0.01042715
2021-02-02 12:14:45,36.52762374,13.49002768,0.02820982052,5.247640695,0.07470866248,13.16806484,4.623687833,0.004568915611,0.05612045467,0.00014078187,122.717475293831,"KAA-HW1",4930,1.9851852,0.01042715
2021-02-02 12:15:00,48.25532701,18.42307439,0.04704322797,7.49285478,0.1020717544,17.07842712,6.175206361,0.006865869234,0.08852167895,0.000249843261,121.742477185946,"KAA-HW1",4930,1.9851852,0.01042715
2021-02-02 12:15:15,54.98241133,21.30725799,0.05073693276,9.06171389,0.1170970748,20.34091438,7.230670098,0.007772323186,0.09992980289,0.000264159986,120.548164289356,"KAA-HW1",4930,1.9851852,0.01042715
2021-02-02 12:15:30,35.09458248,13.22626788,0.03611610512,5.119806088,0.07372457211,12.82808886,4.443833606,0.004858426508,0.06560184582,0.00017782175,118.021963343542,"KAA-HW1",4930,1.9851852,0.01042715
2021-02-02 12:15:45,36.87001585,14.20079751,0.03649632617,5.744936979,0.07993836531,13.33652247,4.754321626,0.005290495452,0.070738087,0.000201330911,116.742913119439,"KAA-HW1",4930,1.9851852,0.01042715
2021-02-02 12:16:00,42.83009141,16.269845,0.04259584176,6.630699283,0.09091645336,14.81421425,5.525287399,0.006004520615,0.07934996207,0.000218105467,118.797081210786,"KAA-HW1",4930,1.9851852,0.01042715
2021-02-02 12:16:15,44.51787772,17.02065553,0.04622267143,6.906938336,0.09570579344,16.0763211,5.848165109,0.006429855536,0.08563407567,0.000222843008,120.373953602053,"KAA-HW1",4930,1.9851852,0.01042715
2021-02-02 12:16:30,17.31021416,6.378435247,0.02212110947,2.257521824,0.03680894433,6.159341682,2.140865557,0.002437912988,0.03619312229,0.000111812178,116.4811709102,"KAA-HW1",4930,1.9851852,0.01042715
2021-02-02 12:16:45,38.6525677,14.71168887,0.03454275144,5.802381447,0.08198385695,14.19091133,5.013490433,0.005406921365,0.07025148309,0.000186090113,117.283179805393,"KAA-HW1",4930,1.9851852,0.01042715
2021-02-02 12:17:00,49.45584927,19.10712512,0.04780905218,7.841624469,0.1057197707,17.04515604,6.489388522,0.00711674591,0.09369748266,0.000247322755,117.931173274301,"KAA-HW1",4930,1.9851852,0.01042715
2021-02-02 12:17:15,38.50044199,14.75480266,0.03869905035,5.906612842,0.08208738232,13.56654235,5.010207036,0.00570698683,0.07420417324,0.000195382415,116.034592192955,"KAA-HW1",4930,1.9851852,0.01042715
2021-02-02 12:17:30,17.51072148,6.436702454,0.01916873893,2.274336912,0.0365794247,6.51649276,2.13067369,0.002527871386,0.03641506073,9.4825844e-05,116.96605593249,"KAA-HW1",4930,1.9851852,0.01042715
2021-02-02 12:17:45,32.28217961,12.24396953,0.03430494576,4.876612876,0.06955644233,11.14004775,4.112135302,0.004738464425,0.06501282245,0.000177357776,116.76781862868,"KAA-HW1",4930,1.9851852,0.01042715
2021-02-02 12:18:00,40.61607915,15.96191247,0.04138047749,6.496650632,0.08830622738,13.84106252,5.220393231,0.005934844646,0.08160736091,0.000198519466,119.263959642903,"KAA-HW1",4930,1.9851852,0.01042715
2021-02-02 12:18:15,29.11391454,10.95048075,0.02750579911,4.369768124,0.06417443471,10.93374637,3.863887007,0.004196114658,0.0529046173,0.000189093318,124.537731134433,"KAA-HW1",4930,1.9851852,0.01042715
2021-02-02 12:18:30,50.39390686,19.8722383,0.05181948341,8.599516917,0.1128989169,17.8919727,6.794793945,0.008020799545,0.1000995184,0.000288863436,118.697001442944,"KAA-HW1",4930,1.9851852,0.01042715
2021-02-02 12:18:45,33.62694906,12.69130625,0.03428876067,5.024833414,0.07228642749,11.91752811,4.455018488,0.004595002246,0.06688221611,0.000192614677,118.474712495411,"KAA-HW1",4930,1.9851852,0.01042715
2021-02-11 11:42:00,13.76257482,7.484559364,0.0131224431,2.572134556,0.0391454688,8.275647787,2.1749402,0.004534988655,0.01822985455,4.8848425e-05,40.2174486726131,"KAA-HW2",4120,1.9576364,0.01162501
2021-02-11 11:42:15,15.48970672,8.190000575,0.01596076162,2.905999852,0.04485726257,9.800217611,2.407996697,0.005041705706,0.02760723704,6.5017902e-05,40.1525022923604,"KAA-HW2",4120,1.9576364,0.01162501
2021-02-11 11:42:30,16.872375,9.046235316,0.02014500642,3.219812418,0.04822737794,10.32949223,2.651648165,0.005772921176,0.02738092479,6.3252292e-05,39.8074154961036,"KAA-HW2",4120,1.9576364,0.01162501
2021-02-11 11:42:45,15.69463271,8.400050011,0.01555827343,2.892900702,0.04404043271,9.765604519,2.458398291,0.005421201221,0.02230598809,5.5934387e-05,38.9236921348968,"KAA-HW2",4120,1.9576364,0.01162501
2021-02-11 11:43:00,13.13852656,7.054812356,0.01634954132,2.555436004,0.03975770433,8.378310241,2.087602727,0.004509762908,0.02067653409,4.9775353e-05,38.6867310752207,"KAA-HW2",4120,1.9576364,0.01162501
2021-02-11 11:43:15,17.2277644,9.291900157,0.02168989803,3.31185583,0.05156641725,10.73672251,2.735813962,0.00599610508,0.02701637172,6.720661e-05,39.6778279110266,"KAA-HW2",4120,1.9576364,0.01162501
2021-02-11 11:43:30,21.14680721,11.36370425,0.02291292953,4.244071227,0.06207500444,13.74474423,3.304355886,0.007372570469,0.03114250622,8.1696035e-05,39.0593782466235,"KAA-HW2",4120,1.9576364,0.01162501
2021-02-11 11:43:45,16.06241869,8.439546975,0.0207589143,3.052725182,0.04826216573,11.23519897,2.571932754,0.005416354595,0.02589921365,0.000104841361,37.322570849211,"KAA-HW2",4120,1.9576364,0.01162501
2021-02-11 11:44:00,24.34329775,13.18686647,0.02659217167,4.996969449,0.07237478794,16.39978716,3.826177856,0.008578554988,0.03477616556,9.5876632e-05,37.4951032514411,"KAA-HW2",4120,1.9576364,0.01162501
2021-02-11 11:44:15,17.61747849,9.432420758,0.02137191965,3.533140038,0.05403784057,12.11869573,2.842381291,0.006148657786,0.02826548908,7.1908796e-05,37.7794834478016,"KAA-HW2",4120,1.9576364,0.01162501
2021-02-11 11:44:30,20.47180209,11.0409761,0.02545038343,4.192820217,0.06169752558,13.53064672,3.228865543,0.007097824006,0.03174885888,9.1921497e-05,40.1362079624741,"KAA-HW2",4120,1.9576364,0.01162501
2021-02-11 11:44:45,11.46143624,6.023109876,0.01471263062,2.169430702,0.0348544763,7.683819861,1.847806866,0.003993597954,0.01749746165,4.2320882e-05,38.1924227022866,"KAA-HW2",4120,1.9576364,0.01162501
2021-02-11 11:45:00,28.85322131,16.3811073,0.03370412256,6.600690117,0.08843846499,19.6811086,4.539956376,0.01072422653,0.04707102148,0.0001409629,38.2616300448207,"KAA-HW2",4120,1.9576364,0.01162501
2021-02-11 11:45:15,32.70071722,18.13320494,0.03739489629,7.216455751,0.09794115948,22.47258923,5.134580189,0.01196817108,0.04952111543,0.000145000071,38.6581986802891,"KAA-HW2",4120,1.9576364,0.01162501
2021-02-11 11:45:30,11.44590143,6.024300403,0.01683719038,2.161260597,0.0348788972,8.26047546,1.833719651,0.003989251673,0.02005072227,4.7517647e-05,38.8379519934068,"KAA-HW2",4120,1.9576364,0.01162501
2021-02-11 11:45:45,27.69094127,15.14486981,0.03147025097,6.14292875,0.08363579476,20.17269005,4.364037339,0.01012139742,0.04100972209,0.000123480646,38.2549841830354,"KAA-HW2",4120,1.9576364,0.01162501
2021-02-11 11:46:00,21.47766128,11.56630646,0.02619984813,4.37188831,0.06438029759,15.43508599,3.460068034,0.007580368601,0.03211537632,9.2337179e-05,39.9667444632536,"KAA-HW2",4120,1.9576364,0.01162501
2021-02-11 11:46:15,17.82514994,9.729275496,0.0271728589,3.886012422,0.05260654783,12.48241792,2.808053797,0.006393715802,0.02782311576,8.3971239e-05,37.9218437659233,"KAA-HW2",4120,1.9576364,0.01162501
2021-02-11 11:46:30,19.47811505,10.75878422,0.02436899581,4.304719634,0.05759812861,13.77653025,3.051796056,0.007169400609,0.03077241883,8.5842662e-05,40.1883891559465,"KAA-HW2",4120,1.9576364,0.01162501
2021-02-11 11:46:45,13.62799891,7.39402363,0.01775666809,2.798425324,0.04102765541,9.928312154,2.211497851,0.004968287554,0.02284716339,6.3073536e-05,40.0622325943212,"KAA-HW2",4120,1.9576364,0.01162501
2021-02-11 11:47:00,11.2402017,5.920421856,0.0145862247,2.253066057,0.034105883,8.192551034,1.819433053,0.003808438477,0.0175989075,4.4514969e-05,38.2477031662789,"KAA-HW2",4120,1.9576364,0.01162501
2021-02-11 11:47:15,22.81381061,12.65189072,0.02562010129,5.293048835,0.06660037291,16.22265698,3.631034573,0.008387642284,0.03434470832,9.4260751e-05,39.4453977082224,"KAA-HW2",4120,1.9576364,0.01162501
2021-02-11 11:47:30,19.97352993,10.94678246,0.02318688481,4.470470119,0.0583450337,13.98379222,3.190126716,0.007432384113,0.0303154576,8.3098082e-05,39.8755881649254,"KAA-HW2",4120,1.9576364,0.01162501
2021-02-11 11:47:45,14.04387222,7.343573529,0.01918654579,2.903569885,0.0419260152,10.53912511,2.283023165,0.005011008924,0.02246809696,6.5802235e-05,40.2467123466852,"KAA-HW2",4120,1.9576364,0.01162501
2021-02-11 11:48:00,33.3654325,18.69954849,0.03694019072,8.172203942,0.09741114685,23.49084252,5.316069214,0.01256214375,0.05015883446,0.000270951577,38.9590450236057,"KAA-HW2",4120,1.9576364,0.01162501
2021-02-11 11:48:15,28.17399789,15.79758025,0.03209426099,6.615797051,0.08440879128,20.41617903,4.560261158,0.01102331953,0.04319229434,0.00016133376,38.8665747457187,"KAA-HW2",4120,1.9576364,0.01162501
2021-02-11 11:48:30,30.41678924,17.07977016,0.03383131307,7.07799019,0.08802755582,21.52419095,4.908067595,0.01188001251,0.04567507454,0.001084822195,38.25897333554,"KAA-HW2",4120,1.9576364,0.01162501
2021-02-11 11:49:00,27.9466624,15.73822475,0.03200196406,6.58922066,0.08060899498,20.38102255,4.516502816,0.01099233355,0.04309494608,0.000132091422,38.1476846057572,"KAA-HW2",4120,1.9576364,0.01162501
2021-02-11 11:49:15,26.63359758,14.55395836,0.03161177052,6.146199002,0.07697158326,20.83775482,4.381573653,0.01029990466,0.04002219718,0.000119485362,39.1330220173678,"KAA-HW2",4120,1.9576364,0.01162501
2021-02-11 11:49:30,19.25903809,10.50491934,0.0230090347,4.24065808,0.05615825025,14.51009881,3.177035961,0.007335568803,0.02818098952,8.5108471e-05,39.1442329832711,"KAA-HW2",4120,1.9576364,0.01162501
2021-02-11 11:49:45,28.8839498,16.46385995,0.03206570896,6.980192617,0.08293982195,21.01243594,4.707096104,0.01153100533,0.04220275283,0.000123657969,39.3490068588193,"KAA-HW2",4120,1.9576364,0.01162501
2021-02-11 11:50:00,25.75686558,14.21167843,0.0304497399,5.954842513,0.07286325687,20.69809536,4.287469759,0.009918760588,0.03866909489,0.000121346187,38.8147118677719,"KAA-HW2",4120,1.9576364,0.01162501
2021-02-11 11:50:15,23.06690646,13.06565133,0.02577562528,5.571555776,0.06612900446,17.36814532,3.768256773,0.009200242544,0.03603649649,0.000112594905,40.9383391599534,"KAA-HW2",4120,1.9576364,0.01162501
2021-02-11 11:50:30,11.76568598,6.255742787,0.0150462572,2.533681881,0.0349846773,9.413742697,2.039186723,0.004506977506,0.01994278379,6.3030478e-05,37.9383177008779,"KAA-HW2",4120,1.9576364,0.01162501
2021-02-11 11:50:45,19.96047003,11.05097115,0.02348181036,4.81387553,0.05829423448,15.80565021,3.338806239,0.00789395126,0.03057296414,0.00010595033,36.9947929580957,"KAA-HW2",4120,1.9576364,0.01162501
2021-02-11 11:51:00,23.08029343,12.86945637,0.02805187169,5.539633249,0.06585695422,18.34885029,3.892217058,0.009161119154,0.03729425798,0.000114136166,38.7403149212697,"KAA-HW2",4120,1.9576364,0.01162501
2021-02-11 11:51:15,28.60779662,16.63761999,0.03355336663,7.556636642,0.07895950074,21.19529139,4.632815633,0.0114867367,0.04553182947,0.000144468323,36.5704010594482,"KAA-HW2",4120,1.9576364,0.01162501
2021-02-11 11:51:30,22.08344022,12.5191371,0.02900103815,5.448698376,0.06794237074,16.53507524,3.688609128,0.008884363136,0.03741993533,0.000117304554,36.4777905998787,"KAA-HW2",4120,1.9576364,0.01162501
2021-02-12 11:21:00,32.21441494,17.1123568,0.03270609372,6.417505881,0.08300705908,15.89382716,4.708204105,0.01950478902,0.0486112172,0.000105318629,43.3338574011477,"BR-HW",3450,1.73655,0.01138113
2021-02-12 11:21:15,36.81898648,19.91581054,0.0362984897,7.893390579,0.09671470611,18.37665688,5.449440287,0.02210034568,0.05800719035,0.000131688936,41.1212670235938,"BR-HW",3450,1.73655,0.01138113
2021-02-12 11:21:30,41.11403705,22.44409429,0.038217284,9.070641149,0.1099959777,20.85368592,6.208494893,0.02446702352,0.06145899185,0.000136898825,43.0306282670483,"BR-HW",3450,1.73655,0.01138113
2021-02-12 11:22:00,38.69959029,20.94346738,0.0380936246,8.204783632,0.1024615722,19.43871306,5.93102186,0.02518701068,0.06007344345,0.000152313242,45.2732887596318,"BR-HW",3450,1.73655,0.01138113
2021-02-12 11:22:15,31.88406624,17.03101803,0.02878243147,6.467873465,0.0852689951,16.54641999,4.805852553,0.01857408055,0.04582324135,0.000108044213,44.9509088758329,"BR-HW",3450,1.73655,0.01138113
2021-02-12 11:22:30,33.68769495,17.94693431,0.03191609632,7.615616892,0.09600710567,17.65467961,5.168865633,0.01953500626,0.04728286597,0.000116214265,42.3807795316531,"BR-HW",3450,1.73655,0.01138113
2021-02-12 11:22:45,36.63712446,20.05620222,0.03507639406,8.504921342,0.1030199872,19.09717142,5.649451388,0.0213868645,0.05355271865,0.000125664567,42.872965022806,"BR-HW",3450,1.73655,0.01138113
2021-02-12 11:23:00,30.32006362,16.44882096,0.03040306083,6.647527791,0.08331218237,15.54785724,4.567567455,0.01817856878,0.04614042951,0.000108212383,47.1842455949854,"BR-HW",3450,1.73655,0.01138113
2021-02-12 11:23:15,39.89125209,21.59594948,0.03492978204,8.719010309,0.1083056971,20.3029985,6.294441004,0.02474391657,0.0551800034,0.000130268846,45.3360534965431,"BR-HW",3450,1.73655,0.01138113
2021-02-12 11:23:45,38.69470003,20.88384571,0.04001058309,8.126471783,0.1036041773,18.90431444,6.207010688,0.02123100279,0.06392621805,0.000140943988,45.6288382351453,"BR-HW",3450,1.73655,0.01138113
2021-02-12 11:24:00,40.29691831,21.50203454,0.04187257763,8.869628642,0.1112678896,21.29073373,6.505734579,0.02481929308,0.06257621886,0.000172604879,33.3310048200225,"BR-HW",3450,1.73655,0.01138113
2021-02-12 11:24:15,39.11239477,21.06156798,0.03489694925,8.681690074,0.1085607449,21.85183026,6.314753514,0.02201392822,0.05361034306,0.000148565436,44.2886507849816,"BR-HW",3450,1.73655,0.01138113
2021-02-12 11:24:30,33.1025604,17.45268116,0.03686544475,7.126325045,0.09153569237,16.7560884,5.434404071,0.0212461316,0.05250031062,0.000130315742,44.7500769783434,"BR-HW",3450,1.73655,0.01138113
2021-02-12 11:24:45,31.21967367,16.99614831,0.03679599687,6.90755022,0.08687562011,15.57687784,5.017473685,0.01939951395,0.05298891434,0.000117863849,35.1618773220107,"BR-HW",3450,1.73655,0.01138113
2021-02-12 11:25:00,29.86782686,16.35046553,0.03714803789,6.687283811,0.08476044209,14.872675,4.861707266,0.01779636654,0.05171835927,0.000124190276,45.0210533720567,"BR-HW",3450,1.73655,0.01138113
2021-02-12 11:25:15,28.97941707,15.67249181,0.03319120623,6.459397678,0.08336148752,15.26751892,4.803559102,0.01804985929,0.04630103582,0.000112695146,44.2549407913349,"BR-HW",3450,1.73655,0.01138113
2021-02-12 11:25:30,31.38299203,17.03952322,0.03511524314,7.172575268,0.09070873004,15.89247474,5.270292976,0.01853219582,0.04879828952,0.000116859989,43.7010845814628,"BR-HW",3450,1.73655,0.01138113
2021-02-12 11:25:45,26.15580854,14.09038563,0.02697932809,5.621505521,0.07470093648,13.94174642,4.346639636,0.01626044983,0.03825900029,0.000101366995,44.5806631373642,"BR-HW",3450,1.73655,0.01138113
2021-02-12 11:26:00,38.70490476,20.82362578,0.03826687323,8.635592312,0.1040392248,18.78965023,6.112662367,0.02370552463,0.05790036471,0.000131682015,43.343590981315,"BR-HW",3450,1.73655,0.01138113
2021-02-12 11:26:15,30.71148002,16.64320595,0.03017535598,6.064156489,0.07667258814,14.25022194,4.945809644,0.01785195525,0.05011674761,9.8971579e-05,45.366490076698,"BR-HW",3450,1.73655,0.01138113
2021-02-12 11:26:30,37.09433054,20.31756761,0.04169009714,8.617068465,0.1058452422,18.78593262,6.048985456,0.02020494287,0.06415638543,0.000162936947,43.3398868166364,"BR-HW",3450,1.73655,0.01138113
2021-02-12 11:26:45,37.17846091,20.15469571,0.04009457599,8.440174487,0.1053582804,19.29237268,6.248410968,0.0223790846,0.06121080074,0.000157166973,44.7201966077112,"BR-HW",3450,1.73655,0.01138113
2021-02-12 11:27:00,40.42640341,21.91958869,0.04178007977,9.286911569,0.1132085413,20.11789526,6.846951148,0.02427500589,0.06412958469,0.000146908446,42.7773596862994,"BR-HW",3450,1.73655,0.01138113
2021-02-12 11:27:15,33.96703938,18.38607183,0.03484894714,7.622421573,0.09659836295,17.91243034,5.696287429,0.02004795283,0.04969763243,0.00012372711,42.6973774408994,"BR-HW",3450,1.73655,0.01138113
2021-02-12 11:27:30,38.1280014,20.63662043,0.03849377482,8.637308665,0.1093039837,19.52652376,6.387194202,0.02176338839,0.05493724304,0.000139072697,45.9955869099046,"BR-HW",3450,1.73655,0.01138113
2021-02-12 11:27:45,32.7299956,17.61221119,0.03514326202,7.278745936,0.09345902423,16.55820628,5.600561449,0.01864535122,0.05225027959,0.000122567792,44.7237882741997,"BR-HW",3450,1.73655,0.01138113
2021-02-12 11:28:00,30.19494836,16.62956981,0.03371375662,6.962802628,0.08924694589,15.24425307,5.071122046,0.01691867382,0.04975053855,0.000114128998,44.3656611785443,"BR-HW",3450,1.73655,0.01138113
2021-02-12 11:28:15,28.82783706,15.81316708,0.03273255697,6.550664952,0.08487680225,15.19211817,4.76136669,0.01430594214,0.04599904696,0.000113071058,42.7152850365844,"BR-HW",3450,1.73655,0.01138113
2021-02-12 11:28:30,30.04473487,16.30743347,0.03598094653,6.764378794,0.08696123468,15.58284597,5.117838144,0.01692504696,0.05013690057,0.000115332891,43.8653987717689,"BR-HW",3450,1.73655,0.01138113
2021-02-12 11:28:45,32.87808666,18.40165666,0.0374226864,7.633607334,0.09723609444,17.5017171,5.629052949,0.0161704386,0.05462331432,0.000152737988,42.0466058763931,"BR-HW",3450,1.73655,0.01138113
2021-02-12 11:29:00,32.75480587,17.93090433,0.0327750422,7.339314522,0.09402459565,16.2109595,5.678258571,0.01761346416,0.04847061511,0.000116914271,43.6197396789906,"BR-HW",3450,1.73655,0.01138113
2021-02-12 11:29:15,35.45535532,19.30179225,0.03476973408,8.02517198,0.1007376305,18.59536185,6.105826335,0.02004183343,0.05001707218,0.000129305728,41.611235033459,"BR-HW",3450,1.73655,0.01138113
2021-02-12 11:29:30,36.11082943,19.63671068,0.03827161047,8.534072376,0.1049674744,17.9956548,6.374128929,0.02089323513,0.05739732886,0.000138136195,42.4298140159819,"BR-HW",3450,1.73655,0.01138113
2021-02-12 11:29:45,28.2626905,15.57598763,0.03200457247,6.707038806,0.08461205297,15.24225845,4.878630397,0.01591852661,0.0448064203,0.000100398449,43.9177413733008,"BR-HW",3450,1.73655,0.01138113
2021-02-12 11:30:00,25.92505253,14.19282007,0.03023243005,6.079796024,0.0776404982,13.43012774,4.433922265,0.0136185808,0.04283919893,0.00012278407,44.8032461219832,"BR-HW",3450,1.73655,0.01138113
2022-01-10 13:26:00,20.25275939,6.227394201,0.03230731512,2.818001052,0.05272317917,9.181703091,2.709092004,0.002685429946,0.03892922602,9.643856e-05,61.36460886,"EM-HW",4610,1.5766949,0.01006707
2022-01-10 13:26:15,22.93810231,7.00987968,0.02951129313,3.212028051,0.05999591846,10.56702008,3.102898988,0.003176536264,0.03815869246,0.000123886948,56.69132173,"EM-HW",4610,1.5766949,0.01006707
2022-01-10 13:26:30,18.32068635,5.678216706,0.02390356939,2.564788553,0.04771998071,8.416831944,2.476480187,0.002444513376,0.03061236803,7.0848792e-05,12.65115184,"EM-HW",4610,1.5766949,0.01006707
2022-01-10 13:27:00,20.47766063,6.210998136,0.02745939158,2.865767436,0.05409616751,9.327037924,2.752882748,0.002796588911,0.03605302346,0.00012737569,22.8614423,"EM-HW",4610,1.5766949,0.01006707
2022-01-10 13:27:15,20.23634583,6.183862606,0.02445046031,2.788353682,0.05205516928,9.223086791,2.741385897,0.002699918389,0.03254677388,7.7120043e-05,53.25443787,"EM-HW",4610,1.5766949,0.01006707
2022-01-10 13:27:30,18.63435944,5.699672672,0.02517699084,2.613615296,0.04948327205,8.777649666,2.546876179,0.002626570859,0.03077462402,9.1162038e-05,21.29925453,"EM-HW",4610,1.5766949,0.01006707
2022-01-10 13:27:45,18.15403186,5.667852325,0.02785254693,2.593404641,0.04843621156,8.47602075,2.524731407,0.002627926567,0.03456062339,7.6148538e-05,11.89115874,"EM-HW",4610,1.5766949,0.01006707
2022-01-10 13:28:00,15.52458255,4.786023595,0.01954820178,2.171933595,0.04106205431,7.158723523,2.117621021,0.002177425533,0.02410037233,0.000629814373,56.79856158,"EM-HW",4610,1.5766949,0.01006707
2022-01-10 13:28:15,25.23002077,7.843326409,0.03397736944,3.632135417,0.06669355242,11.76165966,3.471992389,0.003590903306,0.04249581465,0.000276241377,54.79969766,"EM-HW",4610,1.5766949,0.01006707
2022-01-10 13:28:30,21.67771205,6.670395093,0.02575555606,3.1445793,0.05766974571,10.15987489,2.979723484,0.003037511373,0.03444565146,0.000151563337,46.64630832,"EM-HW",4610,1.5766949,0.01006707
2022-01-10 13:28:45,20.93765317,6.461775817,0.02943710281,3.092135144,0.05693264063,9.970394918,2.906976902,0.002920384411,0.03640733585,0.000138818114,47.10552823,"EM-HW",4610,1.5766949,0.01006707
2022-01-10 13:29:00,24.28329218,7.479849317,0.03830031635,3.526938958,0.06381638974,11.31501784,3.319047097,0.003459057611,0.04701373058,0.000136182675,54.96493785,"EM-HW",4610,1.5766949,0.01006707
2022-01-10 13:29:15,19.73984918,6.169004895,0.02984208457,2.99457906,0.05523270617,9.658477767,2.736782998,0.002783516395,0.0363478591,7.6050007e-05,48.95640456,"EM-HW",4610,1.5766949,0.01006707
2022-01-10 13:29:30,19.27629894,5.996160035,0.03021657935,2.812040358,0.05232634146,9.08025377,2.710108633,0.002734066448,0.0335651848,0.000101987226,54.32231239,"EM-HW",4610,1.5766949,0.01006707
2022-01-10 13:29:45,18.66674027,5.821514246,0.02903659978,2.695285491,0.04934950571,8.546811139,2.589041178,0.002624818211,0.03854894906,8.1619995e-05,45.34293958,"EM-HW",4610,1.5766949,0.01006707
2022-01-10 13:30:00,24.56865504,7.662234053,0.04350233965,3.71171609,0.06548489447,11.61964634,3.421229095,0.003443988478,0.05113218324,0.000115788733,3.47947112,"EM-HW",4610,1.5766949,0.01006707
2022-01-10 13:30:15,19.59401359,6.110423834,0.02885931393,2.928370459,0.0531333158,9.350982037,2.744110913,0.002751475894,0.03351855518,7.7312684e-05,55.39622783,"EM-HW",4610,1.5766949,0.01006707
2022-01-10 13:30:30,18.5340001,5.80142139,0.02522339858,2.773171119,0.05017375832,8.804834866,2.590790602,0.002592443367,0.03248780751,8.03689e-05,37.2450149,"EM-HW",4610,1.5766949,0.01006707
2022-01-10 13:30:45,17.50916544,5.482555283,0.02071678599,2.554598163,0.04664146146,8.183000568,2.465248189,0.002428695785,0.02877426764,6.753291e-05,53.9081091,"EM-HW",4610,1.5766949,0.01006707
2022-01-10 13:31:00,21.11513818,6.607026989,0.02597656621,3.176124362,0.05770249504,10.02320165,2.950505668,0.003063384372,0.03447559001,0.000140201426,23.35056129,"EM-HW",4610,1.5766949,0.01006707
2022-01-10 13:31:15,20.26317667,6.383356732,0.02664597813,3.018855509,0.05675743008,9.605853006,2.890882425,0.003067657243,0.0339468029,0.000211912192,22.8748594,"EM-HW",4610,1.5766949,0.01006707
2022-01-10 13:31:30,18.91068415,5.891677139,0.02857494095,2.868758164,0.0514858157,8.973335077,2.674108915,0.002757107219,0.03607413078,7.7858532e-05,33.93249319,"EM-HW",4610,1.5766949,0.01006707
2022-01-10 13:31:45,18.5443556,5.723664425,0.01960435832,2.75216737,0.04974218336,8.820380835,2.612283413,0.002696936858,0.02574357987,7.7413466e-05,50.18496745,"EM-HW",4610,1.5766949,0.01006707
2022-01-10 13:32:15,21.52479258,6.72086693,0.03142016911,3.338674408,0.05968895324,10.37503901,3.017902503,0.003164376674,0.04184242401,0.000127823816,15.55313196,"EM-HW",4610,1.5766949,0.01006707
2022-01-10 13:32:45,22.26741894,6.948011548,0.02589429922,3.507464559,0.06253268042,11.09478815,3.168759173,0.003193692729,0.03400739663,9.9015703e-05,54.88641561,"EM-HW",4610,1.5766949,0.01006707
2022-01-10 13:33:00,20.30673231,6.37992591,0.02783192678,3.180988266,0.0562679606,9.88675596,2.916105959,0.002827396997,0.03463750618,8.8700835e-05,48.02103779,"EM-HW",4610,1.5766949,0.01006707
2022-01-10 13:33:15,18.13326733,5.718437749,0.022492266,2.78836397,0.05010177377,8.679261863,2.587626974,0.002638244444,0.02956229229,8.2664146e-05,47.89145857,"EM-HW",4610,1.5766949,0.01006707
2022-01-10 13:33:30,16.38756789,5.156082169,0.02079450198,2.528608075,0.04553562618,7.869010434,2.33894412,0.002398490093,0.02787446739,7.6044812e-05,39.42395101,"EM-HW",4610,1.5766949,0.01006707
2022-01-10 13:33:45,22.15574926,6.932835169,0.02952479681,3.439268994,0.06066913143,10.65566767,3.166861687,0.003298163144,0.03840464522,0.00010978294,36.37631581,"EM-HW",4610,1.5766949,0.01006707
2022-01-10 13:34:00,23.50944386,7.3100964,0.0328023811,3.717013088,0.06449444559,11.4433332,3.324892026,0.003378927105,0.04100334721,0.000199869988,13.44008602,"EM-HW",4610,1.5766949,0.01006707
2022-01-10 13:34:15,19.38336383,6.07984905,0.02600548233,3.062519581,0.05433322719,9.589759058,2.762267217,0.00286773164,0.03395195139,8.1605148e-05,52.59494929,"EM-HW",4610,1.5766949,0.01006707
2022-01-10 13:34:30,19.8579522,6.280762947,0.02683666268,3.191930663,0.05696310829,9.880043334,2.861067822,0.003066251907,0.03550207101,0.000232035827,51.79009318,"EM-HW",4610,1.5766949,0.01006707
2022-01-10 13:34:45,21.02500992,6.603410153,0.02770952309,3.299934063,0.05807740369,10.22158373,3.014445561,0.003041310991,0.03682078019,0.00023619127,47.50321038,"EM-HW",4610,1.5766949,0.01006707
2022-01-10 13:35:00,6.706156053,1.962935111,0.008730864322,0.9923331095,0.01966889314,3.704991969,1.017271714,0.000950447005,0.01225313412,8.4333916e-05,43.39640403,"EM-HW",4610,1.5766949,0.01006707
2022-01-10 13:35:15,20.84117487,6.55382126,0.02254172845,3.27581079,0.05795875057,10.18287219,2.996137021,0.003000574987,0.03275912841,0.000110965228,3.268767395,"EM-HW",4610,1.5766949,0.01006707
2022-01-10 13:35:30,18.68480995,5.820209642,0.02631217018,2.972018362,0.05286171194,9.449865607,2.722086199,0.002833025888,0.03193938474,0.00012460527,31.86136975,"EM-HW",4610,1.5766949,0.01006707
2022-01-10 13:35:45,18.24744625,5.729844539,0.02638425286,2.958329552,0.05211562812,9.081800863,2.648888812,0.002672174005,0.03092914204,0.000101586834,44.96763476,"EM-HW",4610,1.5766949,0.01006707
