;PC1;PC2;PC3;PC4;PC5;PC6;Campaign;Date
0;1.409412289;3.190478828;1.125610171;-0.684638846;0.061352131;-0.199529201;BR-LW;2020-09-23 11:25:00
1;2.483362333;3.188627702;1.604959936;-0.100119854;0.271871584;-0.178456836;BR-LW;2020-09-23 11:25:15
2;0.794208442;3.049736957;1.120313522;-0.755882549;-0.013793956;-0.140685711;BR-LW;2020-09-23 11:25:30
3;-1.308681653;1.878454744;3.561680469;0.433193789;0.291727089;-0.396612037;BR-LW;2020-09-23 11:25:45
4;-0.771966664;2.227103642;2.63438933;-0.019237825;0.061880953;-0.159214663;BR-LW;2020-09-23 11:26:00
5;0.269790172;2.926868257;0.345878522;-1.268748041;-0.404353278;0.160602306;BR-LW;2020-09-23 11:26:15
6;-0.568359039;2.698962974;0.853028854;-1.111942978;-0.321497362;0.214478864;BR-LW;2020-09-23 11:26:30
7;-2.532704911;1.910244157;0.673310296;-1.553533531;-0.558685535;0.001978704;BR-LW;2020-09-23 11:26:45
8;0.094192664;2.9408042;-0.220021725;-1.692077768;-0.489550874;0.084250277;BR-LW;2020-09-23 11:27:00
9;-0.839851651;2.310005059;0.225312271;-1.488439588;-0.54472644;0.087760733;BR-LW;2020-09-23 11:27:15
10;-1.134757544;2.37150032;0.54529488;-1.393566007;-0.470898593;0.045004017;BR-LW;2020-09-23 11:27:30
11;-0.036432366;2.636104304;1.50715768;-0.712944716;-0.098227883;-0.26584901;BR-LW;2020-09-23 11:27:45
12;0.933665024;2.567110987;0.337699477;-1.198549048;-0.402451476;-0.207524446;BR-LW;2020-09-23 11:28:00
13;1.801885873;3.480591928;0.904187203;-0.772801015;-0.08546608;0.025305906;BR-LW;2020-09-23 11:28:15
14;0.735346527;2.779181082;2.679273129;0.126361563;0.254265762;-0.359347897;BR-LW;2020-09-23 11:28:30
15;2.302973395;3.464681841;-0.19281375;-1.263672741;-0.294618304;0.021685281;BR-LW;2020-09-23 11:29:00
16;0.896879008;3.056824229;-0.26123489;-1.518359871;-0.461171077;0.090114042;BR-LW;2020-09-23 11:29:15
17;1.139932092;3.032276431;2.151521476;-0.114831706;0.207011033;-0.276874181;BR-LW;2020-09-23 11:29:30
18;1.186986897;3.148720873;-0.177373935;-1.525532026;-0.366983408;-0.081701482;BR-LW;2020-09-23 11:29:45
19;0.561432746;2.630746353;4.95445814;1.460338427;0.813088002;-0.491898705;BR-LW;2020-09-23 11:30:00
20;1.382250172;3.019875469;0.632381082;-0.928067587;-0.081829664;-0.08062202;BR-LW;2020-09-23 11:30:15
21;1.237567761;3.225455732;0.852149272;-0.909597701;-0.028266542;-0.193949105;BR-LW;2020-09-23 11:30:30
22;1.401705825;3.476940651;0.821953773;-0.876381698;-0.056920492;0.060762395;BR-LW;2020-09-23 11:30:45
23;0.191372328;2.449527501;3.664725841;0.68142185;0.518932293;-0.392759412;BR-LW;2020-09-23 11:31:00
24;1.379314798;3.318760752;-0.011793861;-1.319454944;-0.273915737;0.098107721;BR-LW;2020-09-23 11:31:15
25;0.711286759;3.035606775;2.269277609;-0.103929207;0.222413853;-0.031982321;BR-LW;2020-09-23 11:31:30
26;1.278598162;3.344386631;1.05253854;-0.639696752;-0.060662509;0.283425279;BR-LW;2020-09-23 11:31:45
27;0.747811479;2.601434183;4.432301935;1.307041157;0.692521335;-0.231200981;BR-LW;2020-09-23 11:32:00
28;0.963052998;2.633170372;2.252640906;0.027159667;0.229713252;-0.22604246;BR-LW;2020-09-23 11:32:15
29;1.223159525;2.806206607;2.955547633;0.48806393;0.397817815;-0.193079525;BR-LW;2020-09-23 11:32:30
30;1.023157;2.110667929;3.900276383;1.481439614;0.462934029;0.482892315;BR-LW;2020-09-23 11:32:45
31;1.018881917;3.01290561;3.56579445;0.91202228;0.474854474;0.239444993;BR-LW;2020-09-23 11:33:00
32;1.5794298;3.573103983;-0.221681867;-1.340896081;-0.33598621;0.487370192;BR-LW;2020-09-23 11:33:15
33;1.39321238;3.110943008;1.470645296;-0.548617038;0.144084645;-0.228921084;BR-LW;2020-09-23 11:33:30
34;1.273535323;3.168440628;0.750168978;-0.908330615;-0.065939461;-0.003096724;BR-LW;2020-09-23 11:33:45
35;1.697548144;3.73687318;0.199693941;-1.143339123;-0.129494479;0.358989575;BR-LW;2020-09-23 11:34:00
36;1.490482001;3.451393901;1.575659278;-0.289674089;0.141223921;0.299546542;BR-LW;2020-09-23 11:34:15
37;1.277175694;3.162813883;2.948455219;0.445327181;0.483639574;0.067656274;BR-LW;2020-09-23 11:34:30
38;1.609053829;3.818895256;0.218786763;-1.158615501;-0.120960013;0.586826314;BR-LW;2020-09-23 11:34:45
39;-2.200486949;1.769723091;0.268020608;-0.050820699;0.219572109;-0.441511661;KAA-LW;2020-09-23 14:42:15
40;-1.695021326;2.186500098;0.231878987;0.02725721;0.197975032;-0.107661793;KAA-LW;2020-09-23 14:42:30
41;-2.236465165;1.78938886;0.571126252;0.11307176;0.284852689;-0.553570477;KAA-LW;2020-09-23 14:42:45
42;-2.234525988;1.604713288;0.796795735;0.385616882;0.211418843;-0.210050229;KAA-LW;2020-09-23 14:43:00
43;-1.761477915;1.802416892;0.308123529;0.040712745;0.26297493;-0.597854661;KAA-LW;2020-09-23 14:43:15
44;-1.924201625;1.790384063;0.471486714;0.061243573;0.308856473;-0.682977077;KAA-LW;2020-09-23 14:43:30
45;-2.639957323;1.556153973;0.096392172;-0.254320158;0.156889743;-0.710935522;KAA-LW;2020-09-23 14:43:45
46;-3.007391682;1.561942551;0.254444561;-0.202837404;0.136707492;-0.457476883;KAA-LW;2020-09-23 14:44:00
47;-3.051762991;1.31567023;-0.236204972;-0.52473764;0.06584436;-0.741859807;KAA-LW;2020-09-23 14:44:15
48;-2.894262712;1.697201988;0.061504715;-0.332233836;0.124573358;-0.425700066;KAA-LW;2020-09-23 14:44:30
49;-2.488845065;1.544669294;0.171900458;-0.195020273;0.24244676;-0.691607697;KAA-LW;2020-09-23 14:45:45
50;2.178269046;3.247119803;0.6150684;0.908182559;0.725859876;-0.236748389;KAA-LW;2020-09-23 14:46:15
51;-0.06871784;2.612023426;-0.2494305;0.018216632;0.299827229;-0.167862187;KAA-LW;2020-09-23 14:46:30
52;-1.582786002;1.819282624;0.290290929;0.055114893;0.33392472;-0.699049505;KAA-LW;2020-09-23 14:46:45
53;-2.404202325;1.529682721;0.059389993;-0.203900164;0.266950368;-0.626103155;KAA-LW;2020-09-23 14:47:00
54;-1.809468866;1.894138591;-0.268993688;-0.342378707;0.224771174;-0.511203506;KAA-LW;2020-09-23 14:47:15
55;-2.408172648;1.840726638;0.244276835;-0.127192595;0.285830066;-0.399500453;KAA-LW;2020-09-23 14:47:30
56;-2.018825144;1.93646613;-0.10461622;-0.264594449;0.285112418;-0.418513142;KAA-LW;2020-09-23 14:48:00
57;-1.770032602;1.848003368;-0.409689413;-0.391230968;0.206059848;-0.528754818;KAA-LW;2020-09-23 14:48:15
58;-1.613091513;1.839811587;0.260218608;0.068552376;0.361123189;-0.518924025;KAA-LW;2020-09-23 14:48:30
59;-1.509459132;1.85704725;1.235173193;0.72455091;0.558359517;-0.383715927;KAA-LW;2020-09-23 14:48:45
60;-1.398465875;2.139305212;0.057252753;-0.069657015;0.2907634;-0.532158086;KAA-LW;2020-09-23 14:49:00
61;-1.536260906;1.971497756;-0.41649628;-0.360619801;0.215546179;-0.51869414;KAA-LW;2020-09-23 14:49:15
62;-2.304576113;1.462575841;0.437881188;0.062098266;0.352759824;-0.679503187;KAA-LW;2020-09-23 14:49:30
63;-2.898089897;1.375753542;-0.078184176;-0.388492223;0.239116215;-0.607190034;KAA-LW;2020-09-23 14:49:45
64;-2.381556471;1.760785166;0.168605944;-0.143581344;0.309356124;-0.441312848;KAA-LW;2020-09-23 14:50:00
65;-2.326480816;1.494068148;0.63016004;0.153737741;0.418069764;-0.754801274;KAA-LW;2020-09-23 14:50:15
66;-1.282077424;1.818432177;-0.453618361;-0.272575056;0.331774578;-0.539395057;KAA-LW;2020-09-23 14:50:30
67;-1.632166164;1.897737121;-0.033462347;-0.150297131;0.358757463;-0.606897619;KAA-LW;2020-09-23 14:50:45
68;-0.970531724;2.184161478;-0.069905724;0.005702024;0.431527994;-0.313569904;KAA-LW;2020-09-23 14:51:00
69;-2.040831454;1.642533185;0.21366381;0.00429605;0.421508076;-0.487914783;KAA-LW;2020-09-23 14:51:15
70;-2.034252099;1.54072176;0.872560958;0.406162036;0.606243889;-0.612931125;KAA-LW;2020-09-23 14:51:30
71;-1.772980132;2.032017364;0.039553464;-0.082727964;0.390410299;-0.256381836;KAA-LW;2020-09-23 14:51:45
72;-1.519963775;2.061589505;0.248033324;0.075726653;0.519735323;-0.311519839;KAA-LW;2020-09-23 14:52:00
73;-2.711714298;2.473297273;-0.432203823;0.13642873;0.259071088;0.977267319;EM-LW;2020-09-24 12:08:45
74;-3.670610017;1.745684936;-0.106985424;0.230466204;0.219815327;0.734857429;EM-LW;2020-09-24 12:09:00
75;-0.590687879;3.016041414;-0.691709237;0.309076564;0.437748326;0.730977772;EM-LW;2020-09-24 12:09:15
76;-3.464043404;1.687153728;-0.278270607;0.148616491;0.206743865;0.564148489;EM-LW;2020-09-24 12:09:30
77;-4.041586122;1.63946659;-0.290939516;0.009175793;0.17938607;0.625208209;EM-LW;2020-09-24 12:09:45
78;-4.179904001;1.661346665;-0.055859741;0.106950419;0.181221694;0.723844882;EM-LW;2020-09-24 12:10:00
79;-3.105866763;2.09643388;-0.476546203;0.082921936;0.196913474;0.943611695;EM-LW;2020-09-24 12:10:15
80;-5.410642791;1.296281816;0.371098077;0.210565164;0.093197369;0.881692211;EM-LW;2020-09-24 12:10:30
81;0.077257677;3.356141148;-0.642885215;0.443514411;0.465688841;0.84389331;EM-LW;2020-09-24 12:10:45
82;-3.069722654;2.197537733;-0.53519358;0.005096826;0.110858517;0.812712189;EM-LW;2020-09-24 12:11:00
83;-2.903238108;2.1979782;-0.695719416;-0.071167496;0.11679859;0.694679729;EM-LW;2020-09-24 12:11:15
84;-3.963462482;1.666200599;0.394249806;0.43081784;0.274086338;0.631638467;EM-LW;2020-09-24 12:11:30
85;-4.074675512;1.702081049;-0.394973679;-0.041920601;-0.012209009;0.816597072;EM-LW;2020-09-24 12:11:45
86;-3.804484997;2.010904572;-0.283998265;0.064509114;0.03761925;1.069500092;EM-LW;2020-09-24 12:12:00
87;-2.037723968;2.166056373;0.110430961;0.636389336;0.400736702;0.657070624;EM-LW;2020-09-24 12:12:15
88;-0.331611534;3.046359459;-0.995948961;0.20647701;0.32500273;0.757939113;EM-LW;2020-09-24 12:12:30
89;-4.204955496;1.592591642;-0.314867596;-0.036736984;0.097383932;0.69626624;EM-LW;2020-09-24 12:12:45
90;-4.361025615;1.511882984;-0.218788527;-5.4333E-06;0.044367449;0.659816129;EM-LW;2020-09-24 12:13:00
91;-4.332887888;1.539675279;-0.301740282;-0.043472784;-0.019678425;0.645068559;EM-LW;2020-09-24 12:13:15
92;-3.762320973;1.716533767;-0.113191715;0.164504534;0.142748322;0.705818721;EM-LW;2020-09-24 12:13:45
93;0.0816379;3.320521023;-0.74647549;0.418294941;0.37124708;0.912447216;EM-LW;2020-09-24 12:14:00
94;-1.26268866;2.768541975;-0.766331405;0.154768958;0.247687686;0.733091332;EM-LW;2020-09-24 12:14:15
95;-3.266602104;1.858049898;-0.45104513;0.021090861;0.154126918;0.596474437;EM-LW;2020-09-24 12:14:30
96;-3.958061972;1.750860421;-0.417913423;-0.082243579;0.073103804;0.684375878;EM-LW;2020-09-24 12:14:45
97;-2.872693528;2.211214099;-0.361611895;0.162212671;0.206873859;0.895791887;EM-LW;2020-09-24 12:15:00
98;-3.64993896;1.885411938;-0.158134004;0.138453689;0.16694013;0.727814718;EM-LW;2020-09-24 12:15:15
99;0.141375784;3.586102566;-0.346246871;0.645871108;0.494580654;1.116729666;EM-LW;2020-09-24 12:15:30
100;-0.804201377;2.762812529;-0.416320255;0.554756119;0.371507635;0.935556585;EM-LW;2020-09-24 12:15:45
101;-3.85459363;1.667041036;0.047812673;0.24924114;0.21604604;0.660534776;EM-LW;2020-09-24 12:16:00
102;-2.11169237;2.424281211;-0.839340522;-0.033485563;0.219799857;0.753690524;EM-LW;2020-09-24 12:16:15
103;-1.50846248;2.687134087;-0.815832418;0.056101991;0.349577897;0.683744636;EM-LW;2020-09-24 12:16:30
104;-3.79605549;1.793719131;0.476468075;0.53029096;0.333254387;0.852829452;EM-LW;2020-09-24 12:16:45
105;0.296117225;3.680272464;-0.648819835;0.486531187;0.474425251;1.13116551;EM-LW;2020-09-24 12:17:00
106;0.713154458;0.333323902;-0.879470725;0.79345538;-0.313053665;-0.798750996;KAA-MW;2021-01-21 11:07:00
107;4.306568863;1.799566766;-1.801882082;0.845469985;-0.0715978;-0.522634078;KAA-MW;2021-01-21 11:07:15
108;0.076961296;0.147487526;-1.0534691;0.594091625;-0.351475846;-0.784737382;KAA-MW;2021-01-21 11:07:30
109;2.987677319;-0.112420716;-0.690216642;1.966800272;-0.005660991;0.058535854;KAA-MW;2021-01-21 11:08:00
110;2.10116291;0.947788354;-1.231968652;0.751381297;-0.088780515;-0.78007081;KAA-MW;2021-01-21 11:08:30
111;0.33824698;0.096275262;-0.660708031;0.891985482;-0.211609705;-0.837218896;KAA-MW;2021-01-21 11:08:45
112;1.38579452;-2.018047665;1.033288289;3.370306702;0.484445372;0.655245605;KAA-MW;2021-01-21 11:09:00
113;1.271314557;-3.209374368;1.020198368;4.080727354;0.119961919;1.317382409;KAA-MW;2021-01-21 11:09:15
114;3.233875795;0.359261405;-0.524211321;1.98549265;0.115856872;-0.084000544;KAA-MW;2021-01-21 11:09:30
115;3.670981921;-0.175821058;-0.606368699;2.315632289;0.089921274;0.278423877;KAA-MW;2021-01-21 11:09:45
116;-0.30266322;0.023797528;-0.989035316;0.554584084;-0.304996616;-0.87017666;KAA-MW;2021-01-21 11:10:00
117;-1.174167779;-0.372627266;-0.574579694;0.753087986;-0.305817876;-0.865970365;KAA-MW;2021-01-21 11:10:15
118;0.565059261;0.365128642;-1.109775453;0.644178204;-0.240872267;-0.796832975;KAA-MW;2021-01-21 11:10:30
119;-0.539269338;-1.175528458;-0.162506664;1.636805518;-0.158752397;-0.241478782;KAA-MW;2021-01-21 11:10:45
120;1.651074961;-2.286804449;0.761136821;3.745267797;0.066003067;1.14334037;KAA-MW;2021-01-21 11:11:00
121;2.774828925;0.627717574;-0.721281428;1.504592225;0.027530717;-0.483174059;KAA-MW;2021-01-21 11:11:15
122;2.217092668;1.130078081;-1.238165307;0.752018735;-0.091699764;-0.851725177;KAA-MW;2021-01-21 11:11:30
123;0.300671296;0.210579557;-0.775366033;0.821912031;-0.253923515;-0.833326849;KAA-MW;2021-01-21 11:11:45
124;-0.707702738;-1.401610265;0.492970231;2.031954935;0.006249315;-0.26154518;KAA-MW;2021-01-21 11:12:00
125;3.829114469;1.534722323;-1.519717248;0.964101531;-0.098019096;-0.676885158;KAA-MW;2021-01-21 11:12:15
126;0.285883701;0.20575878;-0.795510958;0.772260808;-0.289521988;-0.994824422;KAA-MW;2021-01-21 11:12:30
127;0.686890214;-0.327551135;-0.328216128;1.487720638;-0.0736251;-0.497074503;KAA-MW;2021-01-21 11:12:45
128;2.997237597;1.139428593;-0.607843496;1.462543937;0.008222369;-0.698643353;KAA-MW;2021-01-21 11:13:00
129;1.472393719;-1.679364758;0.637018212;3.053429868;0.387714777;0.469763119;KAA-MW;2021-01-21 11:13:15
130;4.205596653;1.826473234;-1.62783005;0.964194001;0.024490027;-0.573484893;KAA-MW;2021-01-21 11:13:30
131;-0.63706924;-1.333995728;0.168674259;1.808595193;-0.150928774;-0.415872295;KAA-MW;2021-01-21 11:14:00
132;-0.380054664;0.006403508;-0.337285734;0.962146317;-0.207785345;-1.012458834;KAA-MW;2021-01-21 11:14:15
133;-0.6266362;-0.239416892;-0.387723979;1.021076034;-0.184521551;-0.762830038;KAA-MW;2021-01-21 11:14:45
134;3.19778472;1.180249248;-1.03106564;1.305651182;-0.020442077;-0.604515672;KAA-MW;2021-01-21 11:15:00
135;2.448924031;1.165496074;-0.829780314;1.145535313;0.030087031;-0.766109884;KAA-MW;2021-01-21 11:15:15
136;3.351806754;0.408720133;-0.886023653;1.837836011;0.046084253;-0.083642846;KAA-MW;2021-01-21 11:15:30
137;-0.226379884;0.254426223;-0.36554276;0.942801234;-0.162200901;-0.998321991;KAA-MW;2021-01-21 11:15:45
138;1.482234474;0.963037694;-0.660955643;1.019008662;-0.069081068;-0.918473352;KAA-MW;2021-01-21 11:16:00
139;0.262237845;-0.065284985;-0.417517461;1.234569331;-0.115263644;-0.745637479;KAA-MW;2021-01-21 11:16:15
140;-2.376283252;-0.567068289;-0.768607174;-0.538130852;-1.141428988;-0.202896252;BR-MW;2021-01-21 14:57:30
141;-2.821420098;-0.743494346;-0.579001873;-0.503696203;-1.127911139;-0.234442313;BR-MW;2021-01-21 14:57:45
142;0.560685284;0.4977635;-1.325001102;-0.383222494;-0.995790889;0.011686297;BR-MW;2021-01-21 14:58:15
143;1.23304451;0.238287387;-1.178937179;0.120113498;-0.826736752;0.462492085;BR-MW;2021-01-21 14:58:30
144;1.096409049;0.721743203;-1.489571711;-0.389914188;-0.880283445;0.125438906;BR-MW;2021-01-21 14:58:45
145;0.690877417;0.339632126;-1.124341204;-0.175945012;-0.8345208;0.123623229;BR-MW;2021-01-21 14:59:00
146;0.629356438;0.500689329;-1.285081946;-0.318377721;-0.940524778;0.065879336;BR-MW;2021-01-21 14:59:15
147;0.672801981;0.573923058;-1.201919104;-0.28509082;-0.9289051;0.0278248;BR-MW;2021-01-21 14:59:30
148;1.246623288;0.562218659;-1.22455707;-0.096012935;-0.928758892;0.124422026;BR-MW;2021-01-21 14:59:45
149;1.03445275;0.590153555;-1.318280631;-0.23055502;-0.941988597;0.113910294;BR-MW;2021-01-21 15:00:00
150;-0.944434422;-0.08649116;-0.958581868;-0.409054082;-0.986288477;-0.042906815;BR-MW;2021-01-21 15:00:15
151;1.80549694;0.751504908;-0.999276473;0.133539997;-0.801489806;0.116102611;BR-MW;2021-01-21 15:00:30
152;-2.711600052;-0.86905302;-0.576948986;-0.411296555;-1.018580605;-0.110128462;BR-MW;2021-01-21 15:00:45
153;-3.737745507;-2.061781252;0.158187972;0.282759119;-0.959876726;0.254562427;BR-MW;2021-01-21 15:01:00
154;1.918518879;0.842726658;-1.269549856;-0.026560969;-0.830464547;0.11904217;BR-MW;2021-01-21 15:01:15
155;0.266927664;-2.365969612;0.097021565;2.057597623;-0.990901317;1.620299888;BR-MW;2021-01-21 15:01:30
156;1.281509874;0.649507554;-1.381369518;-0.269194881;-1.010208519;-0.012201912;BR-MW;2021-01-21 15:01:45
157;0.627896446;0.386913132;-0.941806557;0.006963314;-0.910922977;0.079817833;BR-MW;2021-01-21 15:02:00
158;0.284538006;0.602652418;-1.21539663;-0.419512926;-0.851896009;-0.059079518;BR-MW;2021-01-21 15:02:15
159;0.779572242;0.566866929;-1.394275932;-0.389015225;-0.839511213;-0.002529005;BR-MW;2021-01-21 15:02:30
160;-0.395305677;0.151283243;-0.961381104;-0.31827944;-0.852782907;-0.094402698;BR-MW;2021-01-21 15:02:45
161;-0.621757413;-0.410804135;0.269905242;0.650023736;-0.709401021;0.038766427;BR-MW;2021-01-21 15:03:00
162;2.177891624;0.626643744;-1.207244602;0.206821576;-0.842906717;0.285551262;BR-MW;2021-01-21 15:03:15
163;0.602448575;0.567016957;-0.688596073;0.023942431;-0.800807565;-0.060827994;BR-MW;2021-01-21 15:03:30
164;2.250531548;0.896503934;-1.109999338;0.098526203;-0.774068124;0.071896532;BR-MW;2021-01-21 15:03:45
165;1.142674525;0.825223781;-1.013531274;-0.104741678;-0.725913629;0.024663124;BR-MW;2021-01-21 15:04:00
166;1.380234102;0.541930919;-1.081267059;0.067869149;-0.75770347;0.193487595;BR-MW;2021-01-21 15:04:15
167;0.905244641;0.750212733;-0.946314739;-0.135928862;-0.672144617;-0.052109459;BR-MW;2021-01-21 15:04:30
168;0.930106803;0.623924758;-0.8071987;-0.032776803;-0.626039207;-0.09842223;BR-MW;2021-01-21 15:04:45
169;0.856520973;0.766519405;-1.307208362;-0.364406339;-0.820662356;-0.064639889;BR-MW;2021-01-21 15:05:15
170;1.481103551;-0.30536885;-0.66009746;0.876928159;-0.672440004;0.791961896;BR-MW;2021-01-21 15:05:30
171;1.917381942;0.960642465;-1.417568464;-0.151764248;-0.705621739;0.173461081;BR-MW;2021-01-21 15:05:45
172;-0.226407353;-1.842913944;0.030648323;1.333512122;-0.818768035;0.886480724;BR-MW;2021-01-21 15:06:00
173;2.423755741;1.331440296;-1.505042403;-0.194517424;-0.750384892;0.00682698;BR-MW;2021-01-21 15:06:15
174;1.972680505;1.013101027;-1.466844379;-0.263041524;-0.6565332;0.038313128;BR-MW;2021-01-21 15:06:30
175;0.971843979;0.811376074;-1.317881402;0.492004745;-0.546334281;-0.019344084;EM-MW;2021-01-22 13:12:00
176;-2.450640501;-0.451655563;-0.706093877;0.285541577;-0.727258479;-0.287160375;EM-MW;2021-01-22 13:12:15
177;-0.839294477;-0.227973648;-0.818940761;0.709486942;-0.620696677;0.111053762;EM-MW;2021-01-22 13:12:30
178;-3.022976264;-2.33349502;0.563320553;1.824460997;-0.591801696;0.507034791;EM-MW;2021-01-22 13:12:45
179;-2.675935918;-0.562795405;-0.644688079;0.299567667;-0.696357615;-0.287061649;EM-MW;2021-01-22 13:13:00
180;-2.733986544;-1.414508623;-0.275132874;0.948367073;-0.715283595;0.181897822;EM-MW;2021-01-22 13:13:15
181;-1.726493003;-0.163967876;-0.859512724;0.307237952;-0.696231441;-0.170619427;EM-MW;2021-01-22 13:13:30
182;-3.129452692;-2.724771519;0.394963092;1.858217639;-0.61570234;0.741621192;EM-MW;2021-01-22 13:13:45
183;-1.946870548;-1.254024118;-0.415098168;1.059463371;-0.693407477;0.306707018;EM-MW;2021-01-22 13:14:00
184;-1.960874126;-0.503844974;-0.588478761;0.53749959;-0.540728442;-0.119447929;EM-MW;2021-01-22 13:14:15
185;-3.062800818;-0.873439717;-0.593355758;0.311845951;-0.800182602;-0.210164262;EM-MW;2021-01-22 13:14:30
186;-2.913775573;-0.791213608;-0.626378003;0.276099728;-0.790955121;-0.317243554;EM-MW;2021-01-22 13:14:45
187;-1.741407072;-0.060915362;-0.898684563;0.220693662;-0.725101347;-0.204095711;EM-MW;2021-01-22 13:15:00
188;-1.329857108;0.118895257;-1.093726557;0.161683894;-0.687551443;-0.192096812;EM-MW;2021-01-22 13:15:15
189;-2.220675118;-0.374265426;-0.669770839;0.331896822;-0.727388011;-0.200387138;EM-MW;2021-01-22 13:15:30
190;-2.605809777;-0.384848023;-0.861511893;0.091053573;-0.772759058;-0.287763767;EM-MW;2021-01-22 13:15:45
191;-2.037784739;-0.135019849;-0.826683959;0.203200338;-0.71239475;-0.184767563;EM-MW;2021-01-22 13:16:00
192;-2.962393646;-0.648829508;-0.680554705;0.202604512;-0.767276212;-0.241212698;EM-MW;2021-01-22 13:16:15
193;-3.260819005;-0.685562212;-0.221561326;0.363983061;-0.66928291;-0.372247953;EM-MW;2021-01-22 13:16:30
194;-4.255772569;-1.017874147;-0.502215484;0.055978787;-0.794163337;-0.315741772;EM-MW;2021-01-22 13:16:45
195;-4.587612287;-1.290995106;0.259531594;0.494035957;-0.707245548;-0.517459966;EM-MW;2021-01-22 13:17:00
196;1.746639245;1.096564866;-1.594585712;0.455380836;-0.536566852;0.055298735;EM-MW;2021-01-22 13:17:15
197;-1.776379437;0.005688085;-0.73217454;0.267994437;-0.609934919;-0.206524845;EM-MW;2021-01-22 13:17:30
198;-1.332276669;-0.106236993;-0.882107418;0.352016649;-0.648806323;-0.181681662;EM-MW;2021-01-22 13:17:45
199;-4.434117022;-2.615645138;1.191175694;1.768984051;-0.554846694;0.201716025;EM-MW;2021-01-22 13:18:00
200;-1.274514043;-0.187019529;-0.805034632;0.510010275;-0.632940425;-0.005064032;EM-MW;2021-01-22 13:18:15
201;-4.355942104;-1.11351871;-0.021133624;0.292089255;-0.739382287;-0.477561984;EM-MW;2021-01-22 13:18:30
202;-1.961592951;-0.367371034;-0.65064523;0.418899153;-0.654317931;-0.174543768;EM-MW;2021-01-22 13:18:45
203;-0.936667918;0.069343946;-0.941665173;0.364591235;-0.651857788;-0.136229021;EM-MW;2021-01-22 13:19:00
204;-1.091901841;0.111723722;-1.10713959;0.221256409;-0.634654337;-0.110868917;EM-MW;2021-01-22 13:19:15
205;-1.14388791;-0.252162429;-0.662160761;0.658131455;-0.614777953;0.047518543;EM-MW;2021-01-22 13:19:30
206;-1.933126524;-1.298646801;0.301017821;1.470524005;-0.54656507;0.229736853;EM-MW;2021-01-22 13:19:45
207;-1.578410363;-0.099653889;-0.731101172;0.358258336;-0.618903761;-0.287489223;EM-MW;2021-01-22 13:20:00
208;-2.460932398;-0.24367279;-0.942272828;0.013560929;-0.720367575;-0.309085911;EM-MW;2021-01-22 13:20:15
209;-2.629893841;-0.43591666;-0.493019643;0.289866439;-0.643211679;-0.31722117;EM-MW;2021-01-22 13:20:30
210;-2.044696959;-0.923994895;-0.621828126;0.665303013;-0.705188812;0.053375745;EM-MW;2021-01-22 13:20:45
211;-0.742940237;-0.137027562;-0.83376712;0.648109273;-0.609644018;0.070560776;EM-MW;2021-01-22 13:21:00
212;-1.232870942;-0.191911725;-1.021354086;0.361715693;-0.659852621;-0.062318255;EM-MW;2021-01-22 13:21:15
213;-2.051827806;-0.368730329;-0.758168222;0.296782027;-0.661421197;-0.23716184;EM-MW;2021-01-22 13:21:30
214;-2.040018521;-0.268933129;-1.001990072;0.128482094;-0.686679505;-0.186981608;EM-MW;2021-01-22 13:21:45
215;0.140294165;-2.143075967;0.820792956;-0.669137653;-0.627344554;-0.032301564;KAA-HW1;2021-02-02 12:09:00
216;-0.998477765;-2.626429236;1.192627583;-0.566269979;-0.579125691;-0.012505684;KAA-HW1;2021-02-02 12:09:15
217;-0.963057933;-2.519763888;1.17690586;-0.617993294;-0.550336638;-0.074465434;KAA-HW1;2021-02-02 12:09:30
218;0.138979736;-2.274029272;1.006183376;-0.499876947;-0.501101258;0.025785013;KAA-HW1;2021-02-02 12:09:45
219;0.275994995;-2.200165936;0.985380559;-0.466115253;-0.496572189;0.041347639;KAA-HW1;2021-02-02 12:10:00
220;-1.809046435;-2.970856649;1.384492384;-0.610203652;-0.536335598;-0.115947153;KAA-HW1;2021-02-02 12:10:15
221;-0.771202965;-2.611327491;1.206024017;-0.520062863;-0.509739137;-0.026995732;KAA-HW1;2021-02-02 12:10:30
222;1.29159153;-1.930679138;0.935586266;-0.276688335;-0.363496961;0.125570429;KAA-HW1;2021-02-02 12:10:45
223;-1.497515019;-2.781159525;1.297221257;-0.639370744;-0.546260501;-0.131570758;KAA-HW1;2021-02-02 12:11:00
224;-1.65836033;-2.971554233;1.40641791;-0.542794049;-0.509482381;-0.101252884;KAA-HW1;2021-02-02 12:11:15
225;-0.399269109;-2.441064754;1.126712603;-0.513493158;-0.43287986;-0.06050838;KAA-HW1;2021-02-02 12:11:30
226;-2.25825151;-3.09560747;1.491425944;-0.615240942;-0.524771106;-0.205125935;KAA-HW1;2021-02-02 12:11:45
227;-0.946665911;-2.265428677;1.298725939;-0.533970328;-0.570187448;0.009649089;KAA-HW1;2021-02-02 12:12:00
228;-1.642697563;-2.893514964;1.344946697;-0.589803616;-0.517047178;-0.080712727;KAA-HW1;2021-02-02 12:12:15
229;0.329652988;-2.201434277;1.026136003;-0.43103324;-0.357026114;-2.85685E-05;KAA-HW1;2021-02-02 12:12:30
230;-2.284500439;-3.185796914;1.511121878;-0.595410089;-0.52945472;-0.123446633;KAA-HW1;2021-02-02 12:12:45
231;-2.139915836;-3.615072597;1.739439748;-0.092868377;-0.489979843;0.291113106;KAA-HW1;2021-02-02 12:13:00
232;-0.730871982;-2.584266719;1.331896754;-0.439441481;-0.398095363;-0.039206566;KAA-HW1;2021-02-02 12:13:15
233;0.369351007;-2.128956487;1.023070835;-0.431563668;-0.344207604;0.020751377;KAA-HW1;2021-02-02 12:13:30
234;-1.118522924;-2.600087112;1.543481225;-0.429188513;-0.354470622;-0.11509798;KAA-HW1;2021-02-02 12:13:45
235;1.20101262;-1.882661677;0.916771981;-0.377532276;-0.45645584;-0.016785192;KAA-HW1;2021-02-02 12:14:00
236;0.296981468;-2.027525041;0.895442261;-0.651542081;-0.508307094;-0.172845964;KAA-HW1;2021-02-02 12:14:15
237;0.818868594;-1.731692042;0.853047416;-0.587723776;-0.454460959;-0.09514033;KAA-HW1;2021-02-02 12:14:30
238;0.717492701;-1.60326051;0.648981255;-0.797319846;-0.515169533;-0.182267416;KAA-HW1;2021-02-02 12:14:45
239;-1.058218775;-2.622155287;1.27524791;-0.583027491;-0.502721569;-0.159888041;KAA-HW1;2021-02-02 12:15:00
240;-1.848562504;-2.854920673;1.319119188;-0.719636452;-0.571822041;-0.2736836;KAA-HW1;2021-02-02 12:15:15
241;0.731328229;-1.938228044;0.918720075;-0.48328008;-0.417280777;-0.055074573;KAA-HW1;2021-02-02 12:15:30
242;0.340677612;-2.122976285;1.049006552;-0.499282118;-0.391275;-0.140613278;KAA-HW1;2021-02-02 12:15:45
243;-0.378334679;-2.397110198;1.127103104;-0.566984978;-0.488645107;-0.131524519;KAA-HW1;2021-02-02 12:16:00
244;-0.677096059;-2.520226719;1.139844995;-0.580115013;-0.500492363;-0.111788861;KAA-HW1;2021-02-02 12:16:15
245;4.61578076;-0.68612612;0.470367474;-0.032514192;-0.118823664;0.229645096;KAA-HW1;2021-02-02 12:16:30
246;0.161006292;-2.038390079;0.956525816;-0.627740511;-0.440642635;-0.152919307;KAA-HW1;2021-02-02 12:16:45
247;-1.220717331;-2.712618042;1.251021987;-0.645631972;-0.531357747;-0.173470333;KAA-HW1;2021-02-02 12:17:00
248;0.144968282;-2.210629168;0.989439229;-0.558629827;-0.406528326;-0.077444016;KAA-HW1;2021-02-02 12:17:15
249;4.592931872;-0.552974988;0.237466706;-0.221633329;-0.116933195;0.182390847;KAA-HW1;2021-02-02 12:17:30
250;1.132271167;-1.935341436;0.896998691;-0.423440705;-0.346566912;-0.028808675;KAA-HW1;2021-02-02 12:17:45
251;-0.152351732;-2.406671893;0.98792217;-0.610053552;-0.46387845;-0.127794052;KAA-HW1;2021-02-02 12:18:00
252;1.552827887;-1.558203194;1.040781231;-0.340136683;-0.23678403;-0.116009068;KAA-HW1;2021-02-02 12:18:15
253;-1.556078616;-2.93948157;1.405156886;-0.577810782;-0.435597538;-0.187541911;KAA-HW1;2021-02-02 12:18:30
254;0.888780461;-1.936877154;1.041832637;-0.418441004;-0.419089669;-0.105698837;KAA-HW1;2021-02-02 12:18:45
255;3.924312783;0.342042057;-1.410359254;-0.188610676;0.942601477;-0.075636162;KAA-HW2;2021-02-11 11:42:00
256;3.196215463;-0.179086137;-1.082013065;-0.007685221;0.822223544;-0.146922352;KAA-HW2;2021-02-11 11:42:15
257;2.744285463;-0.399251058;-1.154605054;-0.074892782;0.815899344;-0.019963725;KAA-HW2;2021-02-11 11:42:30
258;3.184940725;0.012082059;-1.284227331;-0.173295411;0.91286143;-0.042628217;KAA-HW2;2021-02-11 11:42:45
259;4.001912586;0.080794506;-1.4168783;-0.018703662;0.910001231;0.009134166;KAA-HW2;2021-02-11 11:43:00
260;2.526007904;-0.487274734;-1.082390607;-0.040148806;0.825854352;0.005117917;KAA-HW2;2021-02-11 11:43:15
261;1.401970033;-0.776309712;-0.878560958;-0.147184127;0.798015719;-0.144544857;KAA-HW2;2021-02-11 11:43:30
262;2.712374197;-0.399798636;-0.448009919;0.399417072;0.968920641;-0.100816815;KAA-HW2;2021-02-11 11:43:45
263;0.5556859;-1.064196121;-0.701324939;-0.16660593;0.768695153;-0.183871409;KAA-HW2;2021-02-11 11:44:00
264;2.262845723;-0.532708931;-1.002924585;-0.03285617;0.82742993;-0.096899759;KAA-HW2;2021-02-11 11:44:15
265;1.476475034;-0.879393074;-0.71666698;0.021594549;0.809859783;-0.130345755;KAA-HW2;2021-02-11 11:44:30
266;4.720135563;0.404805788;-1.596334337;0.012461873;0.967388851;0.082414581;KAA-HW2;2021-02-11 11:44:45
267;-0.588382542;-1.692341009;-0.272689674;-0.065139911;0.778615416;-0.316624584;KAA-HW2;2021-02-11 11:45:00
268;-1.187133808;-1.823601437;-0.250042446;-0.142515532;0.70970966;-0.28530435;KAA-HW2;2021-02-11 11:45:15
269;4.629128355;0.237580153;-1.447029948;0.175504447;0.953938574;0.090511108;KAA-HW2;2021-02-11 11:45:30
270;-0.320603457;-1.445321916;-0.423123212;-0.103895958;0.782479629;-0.285217714;KAA-HW2;2021-02-11 11:45:45
271;1.139548754;-0.887113602;-0.713791239;-0.03101373;0.813728365;-0.139223772;KAA-HW2;2021-02-11 11:46:00
272;2.153509005;-0.758283367;-0.828299315;0.147103905;0.906494403;-0.076777612;KAA-HW2;2021-02-11 11:46:15
273;1.655456744;-0.82386852;-0.831269209;-0.013801929;0.903421734;-0.186236839;KAA-HW2;2021-02-11 11:46:30
274;3.56885128;-0.091524906;-1.131408826;0.120081718;1.005594934;-0.071452011;KAA-HW2;2021-02-11 11:46:45
275;4.736396793;0.413437268;-1.522240943;0.066514956;0.973163811;-0.031357483;KAA-HW2;2021-02-11 11:47:00
276;0.788488921;-1.05805061;-0.746372777;-0.160710124;0.851307056;-0.297288839;KAA-HW2;2021-02-11 11:47:15
277;1.539557632;-0.795873039;-0.881698454;-0.106500322;0.90220471;-0.211431039;KAA-HW2;2021-02-11 11:47:30
278;3.426894012;-0.14020982;-1.079122838;0.167228384;0.97657109;-0.06446129;KAA-HW2;2021-02-11 11:47:45
279;-1.509179391;-2.000886525;0.561700068;0.248720744;0.934649146;-0.50057957;KAA-HW2;2021-02-11 11:48:00
280;-0.565163695;-1.600359491;-0.095933013;0.028841909;0.910927128;-0.346917508;KAA-HW2;2021-02-11 11:48:15
281;-1.39899146;-2.025952597;2.463714267;1.377368959;1.459485701;-0.652939171;KAA-HW2;2021-02-11 11:48:30
282;-0.438289719;-1.536831376;-0.363852443;-0.112570028;0.874547764;-0.318435958;KAA-HW2;2021-02-11 11:49:00
283;-0.19361864;-1.381077914;-0.471554333;-0.105568802;0.85507853;-0.282494794;KAA-HW2;2021-02-11 11:49:15
284;1.635559189;-0.676253285;-0.829579089;-0.049286459;0.963296354;-0.181996688;KAA-HW2;2021-02-11 11:49:30
285;-0.615615254;-1.549038219;-0.463945728;-0.228329948;0.870788863;-0.330774545;KAA-HW2;2021-02-11 11:49:45
286;-0.036131733;-1.287356494;-0.431819092;-0.07296758;0.891898878;-0.305401996;KAA-HW2;2021-02-11 11:50:00
287;0.562836597;-1.1400235;-0.535911189;-0.080623615;0.979369769;-0.341661044;KAA-HW2;2021-02-11 11:50:15
288;4.199141927;0.205035953;-1.106341073;0.213455;1.143109511;-0.121955862;KAA-HW2;2021-02-11 11:50:30
289;1.278122833;-0.857200978;-0.573732459;0.034840115;1.03766939;-0.317928619;KAA-HW2;2021-02-11 11:50:45
290;0.503184016;-1.180578674;-0.50848251;-0.032284416;0.94892992;-0.312608188;KAA-HW2;2021-02-11 11:51:00
291;-0.619067904;-1.689468885;-0.276743979;-0.106960481;0.925012884;-0.443378637;KAA-HW2;2021-02-11 11:51:15
292;0.663760647;-1.283321738;-0.484680341;0.041184779;0.952540216;-0.287119125;KAA-HW2;2021-02-11 11:51:30
293;-0.654826712;-1.879589426;-0.765300186;-0.611606519;1.107602133;0.346021963;BR-HW;2021-02-12 11:21:00
294;-1.488619216;-2.235593643;-0.508856197;-0.613868809;1.063097716;0.203054489;BR-HW;2021-02-12 11:21:15
295;-2.136426685;-2.393276205;-0.476739042;-0.735209004;1.007000241;0.137519408;BR-HW;2021-02-12 11:21:30
296;-1.871878378;-2.351638003;-0.342143464;-0.57807741;1.141140678;0.253126558;BR-HW;2021-02-12 11:22:00
297;-0.702691428;-1.74662417;-0.702382125;-0.650874964;1.103169228;0.226721454;BR-HW;2021-02-12 11:22:15
298;-1.132061144;-1.991320146;-0.643419114;-0.666243159;1.058064299;0.135031434;BR-HW;2021-02-12 11:22:30
299;-1.613738816;-2.209539833;-0.562894843;-0.704946043;1.02929235;0.094678661;BR-HW;2021-02-12 11:22:45
300;-0.515587224;-1.848399204;-0.723374248;-0.592819537;1.13215536;0.212238543;BR-HW;2021-02-12 11:23:00
301;-2.030320305;-2.237220332;-0.533671048;-0.795026851;1.062666395;0.170459732;BR-HW;2021-02-12 11:23:15
302;-1.793727012;-2.359764425;-0.373592009;-0.609400512;0.906234369;0.181031055;BR-HW;2021-02-12 11:23:45
303;-2.223338058;-2.487311715;-0.161228525;-0.515798086;1.061751013;0.178665842;BR-HW;2021-02-12 11:24:00
304;-2.0319485;-2.175932701;-0.307697195;-0.661291699;1.020609137;0.047935655;BR-HW;2021-02-12 11:24:15
305;-1.108745938;-2.139253405;-0.503919565;-0.52058714;1.121355129;0.321126654;BR-HW;2021-02-12 11:24:30
306;-0.775786044;-2.117373261;-0.62421745;-0.526819422;1.089350618;0.295722521;BR-HW;2021-02-12 11:24:45
307;-0.578769938;-2.096024713;-0.527736849;-0.430706812;1.075209696;0.268700741;BR-HW;2021-02-12 11:25:00
308;-0.477173869;-1.902822124;-0.655697737;-0.517339233;1.136617768;0.277516108;BR-HW;2021-02-12 11:25:15
309;-0.870309475;-2.046035043;-0.609118446;-0.586918355;1.043891683;0.215535916;BR-HW;2021-02-12 11:25:30
310;0.106112424;-1.523344141;-0.753778375;-0.538687412;1.217434578;0.283098535;BR-HW;2021-02-12 11:25:45
311;-1.826762558;-2.342996058;-0.522544573;-0.70860766;1.029622138;0.205285325;BR-HW;2021-02-12 11:26:00
312;-0.385520145;-1.769000101;-0.792629566;-0.682369173;1.043823316;0.321026934;BR-HW;2021-02-12 11:26:15
313;-1.768189195;-2.48205208;-0.188898932;-0.46746775;0.93380428;0.071815729;BR-HW;2021-02-12 11:26:30
314;-1.842149363;-2.409946421;-0.25846541;-0.53125623;1.028086732;0.157008073;BR-HW;2021-02-12 11:26:45
315;-2.222000338;-2.521968112;-0.369731812;-0.689450121;0.959860124;0.154713551;BR-HW;2021-02-12 11:27:00
316;-1.299447553;-2.065654925;-0.53930506;-0.644500122;1.045215995;0.179006387;BR-HW;2021-02-12 11:27:15
317;-1.904549877;-2.299159847;-0.402042135;-0.670989329;0.96841779;0.134628341;BR-HW;2021-02-12 11:27:30
318;-1.071314093;-2.081455864;-0.531697623;-0.597593284;0.985206819;0.18879128;BR-HW;2021-02-12 11:27:45
319;-0.675686897;-2.010479104;-0.615474656;-0.571930636;0.993774624;0.157376115;BR-HW;2021-02-12 11:28:00
320;-0.374429981;-1.845255916;-0.566346403;-0.493416851;0.92721207;0.084802003;BR-HW;2021-02-12 11:28:15
321;-0.648827257;-2.013471239;-0.593848261;-0.517935096;0.992406114;0.21464562;BR-HW;2021-02-12 11:28:30
322;-1.20857343;-2.173564307;-0.183048602;-0.419739932;0.902110675;-0.000363185;BR-HW;2021-02-12 11:28:45
323;-1.044529037;-1.972220463;-0.563011781;-0.679881879;0.947793296;0.125211102;BR-HW;2021-02-12 11:29:00
324;-1.535973288;-2.087064686;-0.464440927;-0.685351417;0.998921465;0.117305519;BR-HW;2021-02-12 11:29:15
325;-1.687025875;-2.3359824;-0.407606123;-0.647693608;0.957801561;0.120600074;BR-HW;2021-02-12 11:29:30
326;-0.397544883;-1.840051841;-0.767451563;-0.620052468;1.013258927;0.145156499;BR-HW;2021-02-12 11:29:45
327;0.085038441;-1.750247946;-0.453714121;-0.357630419;1.047373845;0.09331473;BR-HW;2021-02-12 11:30:00
328;3.59359738;-1.191033436;0.41658039;-0.426285458;-0.506886702;0.387720303;EM-HW;2022-01-10 13:26:00
329;2.841660994;-1.242458653;0.719640046;-0.461211251;-0.409070749;0.284710998;EM-HW;2022-01-10 13:26:15
330;4.180193333;-0.718499281;0.039631632;-0.669577224;-0.452191364;0.343382353;EM-HW;2022-01-10 13:26:30
331;3.442602186;-1.107494257;0.782086068;-0.30791118;-0.363326819;0.284581131;EM-HW;2022-01-10 13:27:00
332;3.676390798;-0.830315092;0.134034607;-0.721071168;-0.478441961;0.322018327;EM-HW;2022-01-10 13:27:15
333;3.955135183;-0.826174073;0.354649161;-0.486557222;-0.348329189;0.35883026;EM-HW;2022-01-10 13:27:30
334;4.077900601;-0.946784622;0.101052034;-0.56695562;-0.420726739;0.428830496;EM-HW;2022-01-10 13:27:45
335;4.432463989;-0.72771967;3.019944483;1.091533643;0.400142463;0.009637654;EM-HW;2022-01-10 13:28:00
336;2.057017941;-1.622193507;1.768428401;0.042906272;-0.214076774;0.16285526;EM-HW;2022-01-10 13:28:15
337;3.020639612;-1.114893661;1.002893529;-0.317648297;-0.276424721;0.181365621;EM-HW;2022-01-10 13:28:30
338;3.164133304;-1.220585083;0.884965333;-0.285244634;-0.340511781;0.242584376;EM-HW;2022-01-10 13:28:45
339;2.449468785;-1.633489847;0.804706182;-0.371269653;-0.467569628;0.331806948;EM-HW;2022-01-10 13:29:00
340;3.547806223;-1.119791921;0.073492627;-0.662144057;-0.500747357;0.336967653;EM-HW;2022-01-10 13:29:15
341;3.661893798;-1.077888231;0.490108409;-0.403757319;-0.376230196;0.373627157;EM-HW;2022-01-10 13:29:30
342;3.951411754;-1.079502476;0.188516965;-0.529655659;-0.473466687;0.386256616;EM-HW;2022-01-10 13:29:45
343;2.365504426;-1.772862738;0.580364495;-0.474824433;-0.581361341;0.349491426;EM-HW;2022-01-10 13:30:00
344;3.642038807;-1.018472402;0.111606722;-0.657673308;-0.463785129;0.352553524;EM-HW;2022-01-10 13:30:15
345;3.930627697;-0.885513277;0.178866048;-0.612268055;-0.412054596;0.293816414;EM-HW;2022-01-10 13:30:30
346;4.3178704;-0.586007881;-0.023282817;-0.750289862;-0.393699037;0.281117111;EM-HW;2022-01-10 13:30:45
347;3.078121198;-1.135102342;0.886919811;-0.368706454;-0.266934762;0.188019741;EM-HW;2022-01-10 13:31:00
348;3.111390885;-1.203189106;1.44488362;-0.010343529;-0.100190648;0.190825095;EM-HW;2022-01-10 13:31:15
349;3.789274846;-1.068856216;0.105769547;-0.619096194;-0.44479743;0.359947918;EM-HW;2022-01-10 13:31:30
350;3.953552656;-0.555922708;0.133882484;-0.758999391;-0.285176451;0.246035027;EM-HW;2022-01-10 13:31:45
351;2.942608053;-1.415207721;0.730120847;-0.384398366;-0.378824801;0.24028696;EM-HW;2022-01-10 13:32:15
352;2.804545954;-1.115819628;0.406750522;-0.720691563;-0.40270288;0.161399821;EM-HW;2022-01-10 13:32:45
353;3.343043149;-1.090446036;0.288778058;-0.646991606;-0.453824257;0.233510799;EM-HW;2022-01-10 13:33:00
354;3.961929499;-0.774355477;0.213076939;-0.64271546;-0.324535798;0.249446604;EM-HW;2022-01-10 13:33:15
355;4.500535854;-0.618920254;0.119048867;-0.601316632;-0.292014435;0.26465942;EM-HW;2022-01-10 13:33:30
356;2.829659579;-1.29830154;0.528110743;-0.581973292;-0.386428054;0.246351365;EM-HW;2022-01-10 13:33:45
357;2.376903874;-1.550946991;1.325862875;-0.157459792;-0.283872228;0.12721629;EM-HW;2022-01-10 13:34:00
358;3.556631371;-1.01951542;0.158382781;-0.680264213;-0.395073065;0.260046167;EM-HW;2022-01-10 13:34:15
359;3.080520432;-1.296909608;1.545151188;0.062554359;-0.065865687;0.100425221;EM-HW;2022-01-10 13:34:30
360;2.89110188;-1.329257121;1.585740501;0.033636296;-0.144445391;0.074641841;EM-HW;2022-01-10 13:34:45
361;9.015514569;1.069039892;0.509738104;0.34814642;0.262959197;0.216509417;EM-HW;2022-01-10 13:35:00
362;3.132520737;-0.980756056;0.57987407;-0.616017858;-0.316536704;0.105439737;EM-HW;2022-01-10 13:35:15
363;3.581609275;-1.040880862;0.734696357;-0.320484143;-0.224473536;0.226741085;EM-HW;2022-01-10 13:35:30
364;3.769766455;-0.98960644;0.472766463;-0.44571329;-0.30422525;0.23303407;EM-HW;2022-01-10 13:35:45
